Id,Name,Ff_time,Prize_money,Correct_answers,Lost_Question,Lost_money,Lost_how,Ata_used,Ff_used,Pp_used,Ata_question,Ata_perc,Ata_correct,Ff_question,Ff_correct,Pp_question,Pp_correct,Phoned_who,Bad_question,Bad_number
1,David Korotkin,5.39,1000,6,7,1000,wrong,1,1,0,6,56,1,7,0,0,2,na,0,0
2,Hillary Daw,4.65,16000,9,10,0,walked,1,1,1,5,75,1,6,1,8,1,brother,0,0
3,Norman Payne,5.25,32000,10,11,0,wrong,1,1,1,11,70,0,10,1,10,1,friend,0,0
4,David Honea,4.9,125000,12,13,0,walked,1,1,1,10,66,1,10,1,10,0,father_in_law,1,11
5,Rob Gelbman,7.58,1000,9,10,15000,wrong,1,1,1,5,68,1,10,0,9,1,mother,0,0
6,Doug Van Gundy,4.33,250000,13,14,0,walked,1,1,1,12,85,1,13,1,13,1,friend,1,1
7,John McClain,4.15,32000,10,11,0,wrong,1,1,1,10,59,1,10,1,10,1,aunt,0,0
8,Doug Szafran,3.45,64000,11,12,0,walked,1,1,1,2,86,1,11,1,11,0,friend,0,0
9,Robby Roseman,5.25,0,0,1,0,wrong,0,1,0,0,0,2,1,0,0,2,na,0,0
10,Tom Colleta,6.35,1000,7,8,3000,wrong,1,1,1,7,86,1,9,0,8,1,friend,0,0
11,Carl Park,4.84,32000,10,11,0,wrong,1,1,1,2,84,1,11,0,11,0,friend,0,0
12,Ginny Horvath,4.32,32000,10,11,0,wrong,1,0,1,9,80,1,0,2,10,1,son,0,0
13,Michael Shutterly,5.07,500000,14,15,0,walked,1,1,1,9,62,1,12,1,13,0,mother,0,0
14,Mark Dixon,4.67,32000,10,11,0,wrong,1,1,0,6,96,1,10,1,0,2,na,0,0
15,Bill MacDonald,5.37,125000,12,13,0,walked,1,1,1,6,90,1,11,1,13,1,friend,0,0
16,Michael Rosenthal,4.92,125000,12,13,0,walked,1,1,1,10,75,1,13,0,13,0,friend,0,0
17,Jeff Gardner,4.89,1000,8,9,7000,wrong,1,0,0,6,87,1,0,2,0,2,na,0,0
18,Doug Foster,3.89,32000,10,11,0,wrong,1,1,1,10,55,1,10,1,10,0,friend,0,0
19,Paul Locharenkul,5.52,32000,11,12,32000,wrong,1,1,1,9,76,1,12,0,12,0,brother,0,0
20,Mark Megerian,5.13,1000,9,10,15000,wrong,0,0,0,0,0,2,0,2,0,2,na,0,0
21,John Cuthberston,6.05,32000,10,11,0,wrong,1,1,0,10,49,1,11,0,0,2,na ,0,0
22,Jim Baird,2.8,1000,6,7,1000,wrong,1,0,0,4,96,1,0,2,0,2,na,0,0
23,John Christensen,5.49,16000,9,10,0,walked,1,1,1,2,94,1,10,0,10,0,teacher,0,0
24,Joel McElvain,4.25,32000,10,11,0,wrong,0,0,0,0,0,2,0,2,0,2,na,0,0
25,Jeff Siehl,3.41,64000,11,12,0,walked,1,1,1,12,39,1,9,1,1,1,friend,0,0
26,Joel Winkelsas,4.97,64000,11,12,0,walked,1,1,1,8,49,0,8,1,11,1,brother,0,0
27,Ted Patchell,5.08,32000,11,12,32000,wrong,1,1,0,8,84,1,11,1,0,2,na,0,0
28,Clark Hantzmon,5.33,1000,9,10,15000,wrong,1,1,0,8,80,1,9,0,0,2,na,0,0
29,Beth Plummer,6.52,64000,11,12,0,walked,1,1,1,10,67,1,11,1,11,1,father,0,0
30,Gary Levine,17.08,250000,13,14,0,walked,1,1,1,8,62,1,8,1,14,1,friend,0,0
31,John LaMantia,4.18,125000,12,13,0,walked,1,1,1,13,57,1,13,0,13,0,father_in_law,0,0
32,Mike Feinberg,3.7,64000,11,12,0,walked,1,1,1,8,84,1,8,1,9,1,stepfather,0,0
33,Adam Fine,3.35,16000,9,10,0,walked,1,1,1,5,93,1,9,1,10,0,friend,0,0
34,Rick Grimes,5.19,64000,11,12,0,walked,1,1,1,8,90,1,8,1,9,1,friend,0,0
35,Tok Pajak,4.82,32000,12,13,93000,wrong,1,1,1,10,78,1,12,1,11,1,friend,0,0
36,Andres Rivera,6.41,125000,12,13,0,walked,1,1,1,5,73,1,11,1,13,0,friend,0,0
37,Darrin Despain,5.52,32000,10,11,0,wrong,1,1,1,8,77,1,11,0,9,1,friend,0,0
38,Dan Dagey,4.92,32000,10,11,0,wrong,1,1,1,5,88,1,10,1,8,1,friend,0,0
39,Brent Austin,4.35,32000,10,11,0,wrong,1,1,1,9,66,1,9,1,12,0,friend,0,0
40,Jennifer Mullins,5.85,64000,11,12,0,walked,1,1,1,10,88,1,12,0,11,1,mother,0,0
41,Meredith Mansfield,6.76,1000,8,9,7000,wrong,1,1,1,7,94,1,9,0,8,1,cousin,0,0
42,Toby Moore,6.14,250000,13,14,0,walked,1,1,1,6,86,1,14,0,10,0,friend,0,0
43,Tim Reilly,5.24,125000,12,13,0,walked,1,1,1,10,60,1,13,0,11,1,mother,0,0
44,Al Metz,7.3,125000,12,13,0,walked,1,1,1,9,58,1,13,0,10,1,brother_in_law,0,0
45,John Carpenter,5.42,1000000,15,16,0,won,0,0,1,0,0,2,0,2,15,0,father,0,0
46,Stephen Fox,5.28,32000,10,11,0,wrong,1,0,0,4,81,1,0,2,0,2,na,0,0
47,John Capolongo,3.85,1000,7,8,3000,wrong,0,0,0,0,0,2,0,2,0,2,na,0,0
48,Matt Marcotte,3.41,250000,13,14,0,walked,1,1,1,10,56,1,10,1,13,1,friend,0,0
49,John Nelson,5.21,32000,11,12,32000,wrong,1,1,1,7,84,1,9,1,12,0,father,0,0
50,Bob Ehrenberg,4.99,32000,10,11,0,wrong,0,1,0,0,0,2,9,1,0,2,na,0,0
51,Jane Oviatt,5.4,125000,12,13,0,walked,1,1,1,12,55,1,9,1,10,1,cousins_husband,0,0
52,David Patrick,5.04,64000,11,12,0,walked,1,1,1,9,65,1,10,1,12,1,friend,0,0
53,Rob Berman,5.7,125000,12,13,0,walked,1,1,1,4,75,1,10,1,13,0,mother,0,0
54,Chad Harp,4.97,1000,9,10,15000,wrong,1,1,1,5,74,1,2,1,9,1,teacher,0,0
55,Jason Francis,5.18,64000,11,12,0,walked,1,1,1,4,95,1,10,1,10,1,uncle,0,0
56,Shawn Borgosz,7.18,1000,9,10,15000,wrong,1,1,1,8,86,1,10,0,9,1,teacher,0,0
57,Lauren Kelner,5.25,125000,12,13,0,walked,1,1,1,4,88,1,13,0,9,1,friend,0,0
58,Neil Larrimore,5.96,250000,13,14,0,walked,1,1,1,1,63,1,11,1,10,0,friend,0,0
59,Jim Meyer,4.28,32000,10,11,0,wrong,1,1,1,9,56,1,7,1,11,0,friend,0,0
60,Joe Roberts,4.92,250000,13,14,0,walked,1,1,1,9,71,1,9,1,7,1,brother,0,0
61,David Fite,4.67,500000,14,15,0,walked,1,1,1,1,79,1,14,1,15,0,mother,0,0
62,Jason Block,5.62,125000,12,13,0,walked,1,1,1,13,46,1,13,0,9,1,former_contestant,0,0
63,Eric Molnar,4.68,32000,11,12,32000,wrong,1,1,1,10,75,1,12,0,12,0,father,0,0
64,Shannon McGehee,0.87,1000,5,6,0,wrong,0,0,0,0,0,2,0,2,0,2,na,0,0
65,Mark McBermott,3.42,32000,13,14,218000,wrong,1,1,0,11,44,1,14,0,0,2,na,0,0
66,Dave Fought,5.63,32000,10,11,0,wrong,1,1,1,7,72,1,10,1,11,0,friend,0,0
67,Tim Shields,4.89,500000,14,15,0,walked,1,0,1,8,56,1,0,2,14,1,friend,1,9
68,Lawrence Caplan,5.04,32000,13,14,218000,wrong,1,1,1,6,87,1,10,1,14,0,friend,0,0
69,Dan Blonsky,5.65,1000000,15,16,0,won,1,1,1,8,88,1,12,1,14,1,friend,0,0
70,Jason Dettelback,4.93,125000,12,13,0,walked,1,1,1,8,77,1,10,1,10,1,friend,0,0
71,Joel Vincent,6.5,1000,7,8,3000,wrong,1,1,0,3,96,1,5,1,0,2,na,0,0
72,Brian Fodera,3.92,0,0,1,0,wrong,0,0,0,0,0,2,0,2,0,2,na,0,0
73,Marty Anderson,3.1,1000,7,8,3000,wrong,1,0,1,3,79,1,0,2,8,0,friend,0,0
74,Ann Hall-Rogalinski,8.6,1000,8,9,7000,wrong,1,0,0,6,76,1,0,2,0,2,na,0,0
75,Nathaniel Zylstra,4.43,32000,12,13,93000,wrong,0,1,1,0,0,2,12,1,13,0,friend,0,0
76,Rob Coughlin,5.38,500000,14,15,0,walked,1,1,1,8,65,1,15,0,14,1,friend,0,0
77,Charles Anderson,4.26,64000,11,12,0,walked,1,1,1,12,53,0,10,1,10,1,brother_in_law,0,0
78,Don Rohan,5.7,125000,12,13,0,walked,1,1,1,13,64,1,6,1,13,1,friend,0,0
79,Steven Plotnick,5.13,16000,9,10,0,walked,1,1,1,10,40,0,8,1,8,1,friend,0,0
80,Tim Tyler,5.48,1000,5,6,0,wrong,1,1,0,6,37,0,6,0,0,2,na,0,0
81,Lori Shiels,5.74,64000,11,12,0,walked,1,1,1,6,74,1,7,1,11,1,friend,0,0
82,Mark Gluckstern,20,125000,12,13,0,walked,1,1,1,10,42,0,10,1,10,0,friend,0,0
83,Rob Moran,4.05,32000,10,11,0,wrong,1,1,1,4,73,1,8,1,10,1,sister,0,0
84,Mark Purvis,4.38,1000,5,6,0,wrong,1,0,1,4,89,1,0,2,6,0,brother_in_law,0,0
85,Angelo Ziotas,4.59,1000,6,7,1000,wrong,1,0,0,3,84,1,0,2,0,2,na,0,0
86,Edison McIntyre,5.34,125000,12,13,0,walked,1,1,1,4,73,1,8,1,8,1,friend,0,0
87,Jennifer White,4.84,1000,6,7,1000,wrong,0,1,0,0,0,2,7,0,0,2,na,0,0
88,Mark Peterson,6.37,125000,12,13,0,walked,1,1,1,10,73,1,13,0,7,1,friend,0,0
89,Greg Pollaro,6.91,1000,6,7,1000,wrong,1,0,0,5,49,1,0,2,0,2,na,0,0
90,Jack Lechner,4.84,125000,12,13,0,walked,1,0,1,11,55,1,0,2,13,0,cousin,0,0
91,Bowen Kerins,4.26,32000,10,11,0,wrong,1,1,1,7,48,1,10,1,8,1,teacher,0,0
92,Matt Phillips,5.8,32000,11,12,32000,wrong,1,1,1,6,83,1,12,0,12,0,friend,0,0
93,Jim Gilligan,4.4,64000,11,12,0,walked,1,1,1,4,88,1,11,1,12,0,teacher,0,0
94,Judy Tigay,5.67,32000,12,13,93000,wrong,1,1,1,5,58,1,8,1,8,1,friend,0,0
95,David Gold,6.08,0,4,5,500,wrong,1,1,0,4,51,1,5,0,0,2,na,0,0
96,Jerry Halpin,5.07,32000,10,11,0,wrong,1,1,1,7,98,1,9,1,10,1,celebrity,0,0
97,Michael Avitzur,3.4,250000,13,14,0,walked,1,1,1,10,56,1,12,1,14,1,friend,0,0
98,Stephanie Girardi,8.07,500000,14,15,0,walked,1,1,1,9,61,1,11,1,12,1,friend,0,0
99,Dan Demars,5.42,250000,13,14,0,walked,1,1,1,9,60,1,12,1,14,1,friend,0,0
100,Steve Fayne,3.72,0,3,4,300,wrong,1,0,0,4,42,0,0,2,0,2,na,0,0
101,Rudy Reber,5.69,32000,13,14,218000,wrong,1,1,1,11,50,1,10,1,14,0,comedian,0,0
102,David Foreman,4.69,250000,13,14,0,walked,1,1,1,5,83,1,12,1,6,1,sister_in_law,0,0
103,Shawn McCarthy,6.78,32000,10,11,0,wrong,1,1,1,5,91,1,10,1,8,1,teacher,0,0
104,Derek Leif,5.55,125000,12,13,0,walked,1,1,1,6,81,1,13,0,13,0,friend,0,0
105,Rob Long,3.21,32000,10,11,0,wrong,1,1,1,11,33,0,10,1,10,1,friend,0,0
106,Jim Syta,4.56,1000,8,9,7000,wrong,1,1,1,8,48,0,8,1,8,0,brother,0,0
107,Rich Steidle,4.16,1000,9,10,15000,wrong,1,1,1,6,77,1,10,0,8,0,sister,0,0
108,Bill Berry,10.99,64000,11,12,0,walked,1,1,1,6,50,1,11,1,11,0,friend,0,0
109,Richard Klimkiewicz,6.1,32000,13,14,218000,wrong,1,1,1,11,48,1,12,1,12,1,friend,0,0
110,Chris Rantz,4.9,1000,7,8,3000,wrong,1,1,1,5,51,1,8,0,7,1,mother,0,0
111,Shane Demmitt,5.74,32000,12,13,93000,wrong,1,0,1,11,36,1,0,2,13,0,teacher,0,0
112,Brian Kalt,7.24,32000,11,12,32000,wrong,1,1,1,10,39,1,12,0,10,1,boss,0,0
113,Kevin Simcox,4.72,250000,13,14,0,walked,1,1,1,11,86,1,9,1,13,1,brother,0,0
114,Stephanie Bingham,7.16,16000,9,10,0,walked,1,1,1,6,78,1,10,0,9,1,sister_in_law_father,0,0
115,Joe Trela,5.22,1000000,15,16,0,won,1,1,1,9,66,1,10,1,10,0,brother,0,0
116,Jason Stirnaman,5.2,16000,9,10,0,walked,1,1,1,4,85,1,6,1,9,1,teacher,0,0
117,Jon Futrell,5.01,0,1,2,100,wrong,0,0,0,0,0,2,0,2,0,2,na,0,0
118,Roy Schmidt,4.28,4000,7,8,0,walked,1,1,1,2,61,1,5,1,5,0,friend,0,0
119,Tom Duffy,6.79,16000,9,10,0,walked,1,1,1,2,68,1,8,1,10,1,friend,0,0
120,Scott Leff,5.58,64000,11,12,0,walked,1,1,1,6,76,1,11,1,10,1,friend,0,0
121,Patrick Duhon,5.9,1000,9,10,15000,wrong,1,1,1,9,54,1,10,0,10,0,sister_in_law,0,0
122,Ian Reifowitz,5.01,250000,13,14,0,walked,1,1,1,9,56,1,13,1,12,1,teacher,0,0
123,Shawna Rosen,4.63,1000,6,7,1000,wrong,0,0,0,0,0,2,0,2,0,2,na,0,0
124,Jim White,8.7,125000,12,13,0,walked,1,1,1,7,75,1,10,1,11,1,friend,0,0
125,Julie Gordon,10.86,1000,7,8,3000,wrong,1,1,0,6,80,1,8,0,0,2,na,0,0
126,Brad Herzog,4.98,64000,11,12,0,walked,1,1,1,7,78,1,8,1,10,1,editor,0,0
127,David Rice,8.54,250000,13,14,0,walked,1,1,1,8,65,1,13,1,10,1,teacher,0,0
128,Bod DiGusto,7.54,64000,11,12,0,walked,1,1,1,6,76,1,10,1,12,0,colleague,0,0
129,Allen Kong,5.22,0,2,3,200,wrong,1,0,0,2,90,1,0,2,0,2,na,0,0
130,Tom Ashton,6.7,250000,13,14,0,walked,1,1,1,10,56,0,9,1,10,1,brother,0,0
131,Kevin Gross,5.66,32000,10,11,0,wrong,1,1,0,6,66,1,11,0,0,2,na,0,0
132,Anne Davis,5.07,64000,11,12,0,walked,1,1,1,11,63,1,12,0,10,1,mother,0,0
133,Steven Clark,6.72,32000,12,13,93000,wrong,1,1,1,6,84,1,10,1,10,1,friend,0,0
134,Tom Lemp,4.94,32000,10,11,0,wrong,1,0,1,10,88,1,0,2,11,0,aunt,0,0
135,Leigh Jaunsen,7.16,125000,12,13,0,walked,1,1,1,10,43,0,10,1,10,1,friend,0,0
136,Chris Barker,4.65,250000,13,14,0,walked,1,1,1,8,40,1,12,1,13,1,friend,0,0
137,Mike Menz,4.1,500000,14,15,0,walked,1,1,1,5,66,1,11,1,11,1,sister_in_law,0,0
138,Martin Poteralski,3.1,0,4,5,500,wrong,1,0,0,3,75,1,0,2,0,2,na,0,0
139,David Duchovny,6.02,32000,13,14,218000,wrong,1,1,1,8,82,1,11,1,11,0,wife,0,0
140,Kathy Gifford,9.54,32000,10,11,0,wrong,1,1,1,10,43,1,9,1,11,0,producer,0,0
141,Dana Carvey,6.81,32000,10,11,0,wrong,1,0,0,11,54,0,0,2,0,2,na,0,0
142,Vanessa Williams,6.11,32000,11,12,32000,wrong,1,1,1,11,67,1,11,1,12,0,friend,0,0
143,Drew Carey,7.38,500000,14,15,0,walked,1,1,1,12,78,1,14,1,13,1,friend,0,0
144,Rose O'Donnell,1.79,500000,14,15,0,walked,1,1,1,11,85,1,14,1,13,0,friend,0,0
145,Emeril Lagasse,6.64,125000,12,13,0,walked,1,1,1,12,79,1,12,1,13,0,friend,0,0
146,Queen Latifah,8.71,250000,13,14,0,walked,1,1,1,12,82,1,14,0,14,0,contestant,0,0
147,Lance Bass,5.55,125000,12,13,0,walked,1,1,1,10,70,1,9,1,12,1,teacher,0,0
148,Ray Romano,14.51,125000,12,13,0,walked,1,1,1,11,65,1,13,0,13,0,friend,0,0
149,Gerard McDonough,3.29,32000,10,11,0,wrong,1,1,0,5,79,1,8,1,0,2,na,0,0
150,Paul Hougland,4.9,125000,12,13,0,walked,1,1,1,11,41,1,13,0,12,1,jeopardy_champion,0,0
151,Jim Faas,6.95,32000,12,13,93000,wrong,1,1,1,9,62,1,12,1,11,0,friend,0,0
152,Jason Dickinson,7.52,250000,13,14,0,walked,1,1,1,12,52,1,12,1,12,0,teacher,0,0
153,Linda Boone,5.55,1000,6,7,1000,wrong,1,0,0,7,45,1,0,2,0,2,na,0,0
154,Jeremy Conklin,4.89,0,4,5,500,wrong,1,1,1,2,91,1,3,1,5,0,stepfather,0,0
155,Bob Shick,5.43,125000,12,13,0,walked,1,1,1,12,54,1,11,1,10,1,friend,0,0
156,Troy Miller,4.22,64000,11,12,0,walked,1,1,1,6,68,1,10,1,10,1,friend,0,0
157,Joe Trela,4.02,1000,9,10,15000,wrong,1,1,0,3,50,0,3,1,0,2,na,0,0
158,David Foreman,6.08,250000,13,14,0,walked,1,1,1,8,62,1,11,1,10,1,friend,0,0
159,Michael Avitzur,4.72,32000,11,12,32000,wrong,1,1,0,11,41,1,11,1,0,2,na,0,0
160,Neil Larrimore,3.98,64000,11,12,0,walked,1,1,1,8,61,1,11,1,10,1,friend,0,0
161,Dan Blonsky,4.13,1000,9,10,15000,walked,1,1,0,10,39,0,9,1,0,2,na,0,0
162,Tim Shields,5.46,32000,10,11,0,wrong,1,1,1,8,46,1,9,1,9,0,friend,0,0
163,Michael Shutterly,6.19,1000,8,9,7000,wrong,1,1,1,6,65,1,9,0,9,0,friend,0,0
164,John Carpenter,4.49,250000,13,14,0,walked,1,1,1,11,60,1,13,1,14,1,brother,0,0
165,Toby Moore,4.04,1000,8,9,7000,wrong,1,1,1,4,67,1,9,0,9,0,cousin,0,0
166,Tom Ashton,7.03,1000,9,10,15000,wrong,1,1,0,8,64,1,8,1,0,2,na ,0,0
167,Julia Thomas,5.03,4000,7,8,0,walked,1,1,1,1,90,1,8,0,8,0,teacher,0,0
168,Debbie Eldridge,7.15,32000,10,11,0,wrong,1,1,1,7,86,1,11,0,10,1,teacher,0,0
169,Lisa Feldmeier,5.72,32000,11,12,32000,wrong,1,1,1,9,65,1,12,0,11,1,father,0,0
170,Tim O'Brien,5.06,500000,14,15,0,walked,1,1,1,10,66,1,14,1,11,1,lawyer,0,0
171,Allen Harris,3.1,250000,13,14,0,walked,1,1,1,14,80,1,12,1,14,1,friend,0,0
172,Dianne Buchek,4.08,64000,11,12,0,walked,1,1,1,6,80,1,11,1,9,1,brother_in_law,0,0
173,Bob House,5.85,1000000,15,16,0,won,1,1,1,10,64,1,15,1,15,1,friend,0,0
174,Jason McClung,6.42,125000,12,13,0,walked,1,1,1,8,54,1,11,1,12,1,friend,0,0
175,Jim Stewart,4.51,32000,10,11,0,wrong,1,1,1,6,86,1,9,1,10,1,friend,0,0
176,Kim Hunt,4.68,1000000,15,16,0,won,1,1,1,10,67,1,14,1,14,1,friend,0,0
177,Omer Poirier,7.26,125000,12,13,0,walked,1,1,1,10,40,1,10,1,12,1,friend,0,0
178,David Goodman,1.58,1000000,15,16,0,won,1,1,1,15,57,1,15,1,15,1,friend,0,0
179,Neal Organ,1.32,32000,11,12,32000,wrong,1,1,0,12,37,0,12,0,0,2,na,0,0
180,Chuck Durnberger,4.98,32000,10,11,0,wrong,0,0,0,0,0,2,0,2,0,2,na,0,0
181,Karla Robinson,6.98,0,3,4,300,wrong,1,0,0,3,95,1,0,2,0,2,na,0,0
182,Joe Kelleher,4.75,500000,14,15,0,walked,1,1,1,6,89,1,10,1,10,1,friend,0,0
183,Richard Rosner,4.98,1000,8,9,7000,wrong,0,0,1,0,0,2,0,2,9,0,friend,0,0
184,Kati Knudsen,3.98,32000,13,14,218000,wrong,1,1,1,5,68,1,7,1,8,1,friend,0,0
185,John Rainard,6.2,125000,12,13,0,walked,1,1,1,10,53,1,12,1,11,1,friend,0,0
186,Steven Ponall,4.14,8000,8,9,0,walked,1,1,1,6,72,1,8,1,7,1,friend,0,0
187,Paul McCallon,4.89,125000,12,13,0,walked,1,1,1,9,71,1,10,1,7,1,mother,0,0
188,David Wright,4.1,32000,10,11,0,wrong,1,1,1,7,65,1,11,0,10,1,physician,0,0
189,Phil Gibbons,8.24,500000,14,15,0,walked,1,1,1,6,51,1,7,1,8,1,friend,0,0
190,Nick Meyer,0,32000,13,14,218000,wrong,1,1,1,9,41,0,9,1,13,1,friend,0,0
191,Christopher Ruth,6.79,250000,13,14,0,walked,1,1,1,9,62,1,11,1,11,0,uncle,0,0
192,Robert Kvinnesland,5.08,1000,6,7,1000,wrong,1,0,1,6,41,1,0,2,6,1,friend,0,0
193,Brian Clouse,0,32000,11,12,32000,wrong,1,0,1,8,62,1,0,2,6,1,friend,0,0
194,Stefany Needel,5.15,32000,11,12,32000,wrong,1,1,1,8,58,1,12,0,11,1,contestant,0,0
195,Marge Edmiston,9.96,64000,11,12,0,walked,1,1,1,11,76,1,12,0,7,1,brother,0,0
196,Paul Young,6.15,250000,13,14,0,walked,1,1,1,9,36,0,10,1,9,1,son,0,0
197,Tom Wheltle,11.79,125000,12,13,0,walked,1,1,1,7,57,1,7,1,12,1,politician,0,0
198,Bryan Duray,4.46,64000,11,12,0,walked,1,1,1,3,88,1,9,1,9,1,friend,0,0
199,Stephen Healey,5.36,16000,9,10,0,walked,1,1,1,8,47,0,9,1,9,1,friend,0,0
200,Jay Snyder,6.29,125000,12,13,0,walked,1,1,1,10,63,1,12,1,11,1,friend,0,0
201,Marie Tozier,7.78,8000,8,9,0,walked,1,1,1,8,67,1,5,1,5,0,uncle,0,0
202,Chris Bertschmann,4.42,1000,5,6,0,wrong,0,0,0,0,0,2,0,2,0,2,na,0,0
203,David Bates,3.83,1000,9,10,15000,wrong,1,1,1,5,72,1,9,1,10,0,friend,0,0
204,Joel Foss,5.58,32000,10,11,0,wrong,1,1,1,9,46,1,10,1,9,1,friend,0,0
205,Tony Frausto,6.36,125000,12,13,0,walked,1,1,1,11,47,1,11,1,8,1,friend,0,0
206,Alec MacKenzie,4.01,32000,11,12,32000,wrong,1,1,1,7,77,1,10,1,11,0,friend,0,0
207,Eric Buske,5.66,250000,13,14,0,walked,1,1,1,9,58,1,13,1,11,1,friend,0,0
208,Randy Everson,6.71,32000,11,12,32000,wrong,1,0,0,7,52,1,0,2,0,2,na,0,0
209,Jennifer Nijak,6.56,8000,8,9,0,walked,1,1,1,3,95,1,8,1,8,0,friend,0,0
210,Paul Ivanovskis,4.42,1000,6,7,1000,wrong,1,1,0,7,39,0,7,0,0,2,na,0,0
211,Rich Mahady,4.88,64000,11,12,0,walked,1,1,1,11,38,0,10,1,11,0,friend,0,0
212,Cynthia Lew,5.49,32000,10,11,0,wrong,0,1,0,0,0,2,11,0,0,2,na,0,0
213,John La Barca,4.7,8000,8,9,0,walked,1,1,1,8,58,1,9,0,9,0,employee,0,0
214,Greg Ellis,4.53,1000,7,8,3000,wrong,0,0,0,0,0,2,0,2,0,2,na,0,0
215,Dan Nevarez,6.63,125000,12,13,0,walked,1,1,1,6,87,1,10,1,8,1,teacher,0,0
216,Christy Flynn,5.16,1000,8,9,7000,wrong,1,1,0,7,87,0,7,1,0,2,na,0,0
217,Stan Flouride,6.3,32000,12,13,93000,wrong,1,1,0,8,58,1,10,1,0,2,na,0,0
218,Fred Geldon,5.7,32000,10,11,0,wrong,1,1,0,10,43,0,10,1,0,2,na,0,0
219,Dave Colquitt,10.19,250000,13,14,0,walked,1,1,1,10,50,1,13,1,12,1,friend,0,0
220,"Reece O""Dell",5.47,250000,13,14,0,walked,1,1,1,12,31,0,12,1,13,1,teacher,0,0
221,Heather Holloway,6.97,32000,10,11,0,wrong,1,1,0,9,73,1,11,0,0,2,na,0,0
222,Tom Prescott,6.92,1000,8,9,7000,wrong,1,1,0,5,93,1,9,0,0,2,na ,0,0
223,Ian Ith,4.52,64000,11,12,0,walked,1,1,1,6,87,1,8,1,10,1,friend,0,0
224,Pat Thompson,6.64,500000,14,15,0,walked,1,1,1,7,64,1,9,1,12,1,friend,0,0
225,Alec Baldwin,7.42,250000,13,14,0,walked,1,1,1,11,84,1,13,1,13,0,wife,0,0
226,Jon Stewart,7.46,125000,12,13,0,walked,1,1,1,12,59,1,13,0,13,0,friend,0,0
227,Drew Carey,5.18,32000,11,12,32000,wrong,0,1,1,0,0,2,12,0,11,1,friend,0,0
228,Charlie Sheen,6.18,64000,11,12,0,walked,1,1,1,10,68,1,11,1,11,1,celebrity,0,0
229,Jon Lovitz,6.64,32000,11,12,32000,wrong,1,1,1,12,40,0,12,0,12,0,friend,0,0
230,Sean Combs,7.57,125000,12,13,0,walked,1,1,1,11,77,1,12,1,13,0,friend,0,0
231,Tyra Banks,8.93,125000,12,13,0,walked,1,1,1,11,38,0,12,1,11,1,brother,0,0
232,Vivica Fox,18.48,64000,11,12,0,walked,1,1,1,11,76,1,12,0,12,0,friend,0,0
233,Joy Behar,6.56,125000,12,13,0,walked,1,1,1,13,55,1,12,1,13,0,friend,0,0
234,Norm MacDonald,0,500000,14,15,0,walked,1,1,1,11,85,1,13,1,12,1,friend,0,0
235,Ryan Flynn,4.42,1000,9,10,15000,wrong,1,1,1,2,82,1,8,1,10,0,friend,0,0
236,Lisa Dewiit,7.14,16000,9,10,0,walked,1,1,1,6,83,1,10,1,8,1,brother,0,0
237,Debra Humphrey,6.58,8000,8,9,0,walked,1,1,1,8,65,1,9,0,9,0,friend,0,0
238,Michael Shveima,3.72,125000,12,13,0,walked,1,1,1,7,79,1,12,1,11,1,friend,0,0
239,John Dormer,5.06,1000,9,10,15000,wrong,1,1,1,8,46,1,10,0,10,0,brother,0,0
240,Justin Castillo,3.74,500000,14,15,0,walked,1,1,1,2,80,1,13,1,7,1,friend,0,0
241,Rob Aldridge,5.62,32000,11,12,32000,wrong,1,1,1,8,65,1,11,1,12,0,teacher,0,0
242,David Campbell,6.07,1000,9,10,15000,wrong,1,1,1,5,74,1,10,0,10,0,friend,0,0
243,Lisa Williamson,4.54,1000,9,10,15000,wrong,1,1,1,7,95,1,8,1,10,0,friend ,0,0
244,Peter Abide,6.42,125000,12,13,0,walked,1,1,1,8,62,1,11,1,12,1,friend,0,0
245,Gus Wheeler,8.94,32000,10,11,0,wrong,1,0,1,10,65,1,0,2,11,0,teacher,0,0
246,Joe Erwin,6.8,64000,11,12,0,walked,1,1,1,11,34,1,11,1,10,1,friend,0,0
247,Terry Jones,5.91,250000,13,14,0,walked,1,1,1,6,88,1,9,1,10,1,daughter,0,0
248,Jim Matthews,5.34,500000,14,15,0,walked,1,1,1,15,48,0,13,1,13,0,colleague,0,0
249,Kristine Marklein,4.35,125000,12,13,0,walked,1,1,1,7,0,1,9,1,10,1,contestant,0,0
250,David Marks,8.7,1000,5,6,0,wrong,1,0,0,4,82,1,0,2,0,2,na,0,0
251,Steve Brown,4.28,32000,11,12,32000,wrong,1,1,1,8,63,1,12,0,11,1,friend,0,0
252,Kevin McSwain,4.76,125000,12,13,0,walked,1,1,1,9,69,1,12,1,12,1,teacher,0,0
253,Chris Gum,4.89,250000,13,14,0,walked,1,1,1,6,61,1,13,1,11,1,friend,0,0
254,Andy Aaron,5.04,250000,13,14,0,walked,1,1,1,10,51,1,13,1,14,0,friend,0,0
255,Grant Schindler,4.64,1000,7,8,3000,wrong,1,0,0,8,80,0,0,2,0,2,na,0,0
256,Kha Vo,5.5,32000,10,11,0,wrong,1,1,1,5,85,1,8,1,10,1,teacher,0,0
257,Ali Wampler,5.18,32000,10,11,0,wrong,1,1,1,5,74,1,10,1,8,1,friend,0,0
258,Barry Chromey,6.1,125000,12,13,0,walked,1,1,1,9,53,1,11,1,12,1,cousin,0,0
259,Marty Scott,4.73,250000,13,14,0,walked,1,1,1,3,70,1,13,1,13,1,friend,0,0
260,Jack Martin,7.84,250000,13,14,0,walked,1,0,1,4,90,1,0,2,13,1,friend,0,0
261,Tom Syta,4.21,125000,12,13,0,walked,1,1,1,9,82,1,13,0,10,1,brother,0,0
262,Sal Mecca,4.59,0,4,5,500,wrong,1,1,1,4,75,1,5,0,5,0,brother,0,0
263,Jason Wong,4.44,64000,11,12,0,walked,1,1,1,8,84,1,9,1,9,1,friend,0,0
264,Scott Russell,5.03,32000,10,11,0,wrong,1,1,1,7,78,1,11,0,9,1,father,0,0
265,Mike Bordin,6.68,1000,9,10,15000,wrong,1,0,0,9,82,1,0,2,0,2,na,0,0
266,John Norquist,4.3,250000,13,14,0,walked,1,1,1,4,85,1,12,1,9,1,friend,0,0
267,Bobby Hoerner,4.7,16000,9,10,0,walked,1,1,1,8,81,1,9,1,9,0,teacher,0,0
268,Chris Golschmidt,6.27,0,4,5,500,wrong,0,0,0,0,0,2,0,2,0,2,na,0,0
269,Raymelle Greening,5.21,32000,13,14,218000,wrong,1,1,1,9,61,1,9,1,10,0,friend,0,0
270,Alex Rachmiel,4.6,64000,11,12,0,walked,1,1,1,8,89,1,12,0,11,1,friend,0,0
271,Ed Toutant,3.68,1860000,15,16,0,won,1,1,1,9,41,1,15,1,9,1,friend,1,9
272,Amy Turner,3.54,32000,10,11,0,wrong,1,1,1,8,80,1,10,1,10,0,friend,0,0
273,Kevin O'Neill,9.25,125000,12,13,0,walked,1,1,1,10,80,1,12,1,12,0,brother_in_law,0,0
274,Dan Stewart,5.98,64000,11,12,0,walked,1,1,1,12,57,1,11,1,12,0,doctor,0,0
275,Nancy Edwards,6.8,32000,10,11,0,wrong,1,1,1,6,90,1,9,1,9,1,teacher,0,0
276,Pete Booker,4.4,125000,12,13,0,walked,1,1,1,9,54,1,10,1,11,1,friend,1,12
277,Eric Simon,4.54,125000,12,13,0,walked,1,1,1,8,76,1,13,1,13,0,wife,0,0
278,Tiffani Keith-Jefferis,3.88,1000,5,6,0,wrong,0,0,0,0,0,2,0,2,0,2,na,0,0
279,Tammy Smith,6.48,1000,7,8,3000,wrong,1,1,1,6,78,1,8,0,8,0,sister,0,0
280,Dave McCartyh,4.64,125000,12,13,0,walked,1,1,1,8,70,1,12,1,12,0,colleague,0,0
281,David Valeck,5.62,32000,11,12,32000,wrong,1,1,1,6,84,1,10,1,10,1,friend,0,0
282,Peter Braxton,5.19,250000,13,14,0,walked,1,1,1,9,53,1,12,1,12,0,friend,0,0
283,Caleb Burroughs,5.93,32000,10,11,0,wrong,1,0,1,9,62,1,0,2,10,1,uncle,0,0
284,Thomas Root,4.93,32000,10,11,0,wrong,1,0,1,9,71,1,0,2,11,0,father,0,0
285,John Hunter,4.08,32000,10,11,0,wrong,1,1,1,7,82,1,9,1,11,0,father_in_law,0,0
286,Justin Ware,4.06,1000,8,9,7000,wrong,1,0,0,9,40,0,0,2,0,2,na,0,0
287,Mark McGrath,6,32000,10,11,0,wrong,1,1,0,11,66,0,9,1,0,2,na,0,0
288,Lars Ulrich,6.96,32000,11,12,32000,wrong,1,0,0,11,63,1,0,2,0,2,na,0,0
289,Gene Simmons,9.54,1000,8,9,7000,wrong,0,0,0,0,0,2,0,2,0,2,na,0,0
290,Gladys Knight,12.47,125000,12,13,0,walked,1,1,1,11,82,1,12,0,12,0,friend,0,0
291,Amy Grant,9.68,125000,12,13,0,walked,1,1,1,11,55,1,13,0,12,1,friend,0,0
292,Eric Grosskurth,5.86,250000,13,14,0,walked,1,1,1,11,37,1,11,1,13,1,friend,0,0
293,Connie Stoltz,6.32,250000,13,14,0,walked,1,1,1,14,52,0,13,1,13,1,brother,0,0
294,Tony D'Alesandro,5.78,32000,10,11,0,wrong,1,1,1,9,59,1,10,1,11,0,friend,0,0
295,Helga Toriello,4.95,125000,12,13,0,walked,1,1,1,7,84,1,12,1,12,1,husband,0,0
296,Arthur O'Leary,7.58,125000,12,13,0,walked,1,1,1,9,56,1,10,1,12,1,daughter,0,0
297,Stan Wu,3.77,0,4,5,500,wrong,0,0,0,0,0,2,0,2,0,2,na,0,0
298,David Becker,4.18,125000,12,13,0,walked,1,1,1,9,55,1,13,0,13,0,friend,0,0
299,Christy Monaco,6.23,1000,8,9,7000,wrong,1,0,1,9,50,0,0,2,9,0,friend,0,0
300,Eric Oberhand,6.48,250000,13,14,0,walked,1,1,1,8,41,1,12,1,8,1,daughter,0,0
301,Jason Kosove,5.07,1000,6,7,1000,wrong,0,0,0,0,0,2,0,2,0,2,na,0,0
302,Jack Bowers,6,1000,7,8,3000,wrong,1,0,0,8,56,0,0,2,0,2,na,0,0
303,Tom Hatfield,3.67,1000,7,8,3000,wrong,1,1,1,6,84,1,7,1,7,0,friend,0,0
304,Gary Gambino,3.82,500000,14,15,0,walked,1,1,1,10,63,1,11,1,15,0,boss,0,0
305,Peter Kiplinger,3.97,32000,10,11,0,wrong,1,1,1,7,75,1,9,1,10,1,cousin,0,0
306,Dana Bossio,5.79,8000,8,9,0,walked,1,1,1,2,81,1,8,1,8,1,friend,0,0
307,Bob Williams,4.32,1000,7,8,3000,wrong,1,1,0,6,80,1,8,0,0,2,na,0,0
308,Charles Gramaglia,3.94,32000,10,11,0,wrong,1,1,1,10,49,1,10,1,11,0,friend,0,0
309,Mitch Brown,5.79,125000,12,13,0,walked,1,1,1,9,62,1,11,1,11,0,brother,0,0
310,Bill Jones,4.76,16000,9,10,0,walked,1,1,1,8,78,1,9,1,9,0,brother,0,0
311,Paul Pearson,3.8,125000,12,13,0,walked,1,1,1,12,43,0,12,1,13,0,friend,0,0
312,Scott Stone,3.64,1000,9,10,15000,wrong,1,1,1,9,86,1,10,0,10,0,contestant,0,0
313,John Kerr,4.86,125000,12,13,0,walked,1,1,1,10,74,1,11,1,12,0,friend,0,0
314,Dan Hawkins,5.08,32000,12,13,93000,wrong,1,1,1,9,56,1,10,1,12,0,friend,0,0
315,Jade Smith,5.9,1000,5,6,0,wrong,0,0,0,0,0,2,0,2,0,2,na,0,0
316,Johnny Woods,4.58,1000,7,8,3000,wrong,1,0,0,5,58,1,0,2,0,2,na,0,0
317,Pat Jones,4.5,64000,11,12,0,walked,1,1,1,8,42,1,10,1,10,0,mother_in_law,0,0
318,Nancy McGuire,5.3,1000,7,8,3000,wrong,1,1,0,6,97,1,7,1,0,2,na,0,0
319,Ramesh Kannappan,5.18,32000,10,11,0,wrong,1,0,1,5,89,1,0,2,9,1,friend,0,0
320,Kyle Welch,4.24,32000,11,12,32000,wrong,1,1,1,7,72,1,10,1,8,1,friend,0,0
321,Tara Collins,3.88,64000,11,12,0,walked,1,1,1,6,80,1,12,0,10,1,friend,0,0
322,Dan Rufer,4.12,64000,11,12,0,walked,1,1,1,7,67,1,10,1,10,1,friend,0,0
323,Melissa Gilbert,12.26,32000,11,12,32000,wrong,1,1,0,12,29,0,12,0,0,2,na,0,0
324,Florence Henderson,9.79,32000,11,12,32000,wrong,1,1,1,9,82,1,11,1,11,1,son,0,0
325,Valerie Bertinelli,6.5,125000,12,13,0,walked,1,1,1,11,82,1,11,1,11,0,teacher,0,0
326,Ted Lange,9.23,125000,12,13,0,walked,1,1,1,13,40,0,12,1,12,1,friend,0,0
327,Adam West,20,250000,13,14,0,walked,1,1,1,13,84,1,13,1,13,1,friend,0,0
328,Sherman Hemsley,12.96,125000,12,13,0,walked,1,1,1,12,53,0,12,1,12,1,friend,0,0
329,Lisa Burdick,4.32,1000,9,10,15000,wrong,1,1,1,8,68,1,10,1,10,0,husband,0,0
330,Gary Cahall,4.56,250000,13,14,0,walked,1,1,1,9,52,1,12,1,14,1,friend,0,0
331,David Stewart,3.12,500000,14,15,0,walked,1,1,1,15,32,1,10,1,15,0,friend,0,0
332,Tony Mangaser,3.64,250000,13,14,0,walked,1,1,1,9,76,1,10,1,14,0,teacher,0,0
333,Larry Shackley,4.5,64000,11,12,0,walked,1,1,1,7,85,1,9,1,11,0,contestant,0,0
334,Henry Olsen,4.23,250000,13,14,0,walked,1,1,1,3,84,1,14,0,14,0,friend,0,0
335,James Dinan,3.54,0,3,4,300,wrong,1,1,0,3,82,1,4,0,0,2,na,0,0
336,Allan Hackney,5.21,32000,11,12,32000,wrong,1,1,1,8,41,1,12,0,12,0,teacher,0,0
337,Chris Mushrush,4.49,16000,9,10,0,walked,1,1,1,5,83,1,10,0,8,1,teacher,0,0
338,Kara Keenan,8.24,32000,10,11,0,wrong,0,1,0,0,0,2,11,0,0,2,na,0,0
339,Kevin Olmstead,5.82,2180000,15,16,0,won,1,1,1,8,65,1,11,1,13,1,friend,0,0
340,Kevin Rupe,5.3,64000,11,12,0,walked,1,1,1,8,55,1,11,1,11,0,teacher,0,0
341,Donna White,5.1,250000,13,14,0,walked,1,1,1,3,79,1,10,1,13,1,friend,0,0
342,Allen Chernov,5.46,32000,10,11,0,wrong,1,0,1,10,50,1,0,2,11,1,friend,0,0
343,Bernie Cullen,5.04,1000000,15,16,0,won,1,1,1,15,69,1,15,1,9,1,friend,0,0
344,Steve Perry,6.73,500000,14,15,0,walked,1,1,1,15,14,0,15,0,15,0,friend,0,0
345,Jason Scott,4.58,64000,11,12,0,walked,1,1,1,10,48,1,12,0,11,1,father,0,0
346,Ken Krantz,5.65,250000,13,14,0,walked,1,1,1,13,46,1,12,1,13,1,friend,0,0
347,David Schulman,3.34,1000,9,10,15000,wrong,1,1,1,8,79,1,10,0,10,0,friend,0,0
348,Craig Heyamoto,4.41,1000,9,10,15000,wrong,1,0,0,10,66,0,0,2,0,2,na,0,0
349,Richard Boleman,4.53,64000,11,12,0,walked,1,1,1,9,86,1,11,1,11,1,friend,0,0
350,Jeanne Pomenti,5.81,250000,13,14,0,walked,1,1,1,12,67,1,12,1,12,0,friend,0,0
351,Tom Cubbage,3.88,32000,11,12,32000,wrong,1,1,0,11,33,1,11,1,0,2,na,0,0
352,Adam Edgell,3.52,250000,13,14,0,walked,1,1,1,13,36,0,11,1,13,1,teacher,0,0
353,Bob Combs,3.45,250000,13,14,0,walked,1,1,1,8,75,1,13,0,12,1,wife,0,0
354,Charlie Carson,5.96,125000,12,13,0,walked,1,1,1,7,67,1,11,1,10,1,friend,0,0
355,Moe Cain,4.34,500000,14,15,0,walked,1,1,1,15,35,1,14,1,15,0,son,0,0
356,Joe Chung,3.88,1000,7,8,3000,wrong,1,1,0,7,61,1,8,0,0,2,na,0,0
357,Angie Hamrick,5.11,64000,11,12,0,walked,1,1,1,8,39,1,8,1,12,0,uncle,0,0
358,Jim Van Bochove,4.84,32000,11,12,32000,wrong,1,1,1,6,92,1,8,1,9,1,friend,0,0
359,Eric Camacho,3.4,1000,6,7,1000,wrong,1,0,1,4,98,1,0,2,7,0,neighbor,0,0
360,Jessica Burr,5.69,32000,11,12,32000,wrong,1,1,1,9,58,1,11,1,10,1,friend,0,0
361,Jason Thweatt,3.78,32000,11,12,32000,wrong,1,1,1,7,59,1,10,1,9,1,student,0,0
362,John Leguizamo,6.58,32000,11,12,32000,wrong,1,0,1,12,58,0,0,2,12,0,friend,0,0
363,Kevin Sorbo,5.08,32000,11,12,32000,wrong,1,1,1,11,61,1,12,0,12,0,friend,0,0
364,Jason Alexander,6.59,250000,13,14,0,walked,1,1,1,14,68,1,14,0,13,1,friend,0,0
365,Edie Falco,7.38,250000,13,14,0,walked,1,1,1,13,56,1,13,1,12,1,friend,0,0
366,Ben Stiller,7.96,32000,12,13,93000,wrong,1,1,1,12,45,1,13,0,13,0,mother,0,0
367,Alfre Woodard,6.63,250000,13,14,0,walked,1,1,1,12,72,1,13,1,14,1,mother_in_law,0,0
368,Kelly Ripa,8.16,250000,13,14,0,walked,1,1,1,12,48,1,11,1,13,1,friend,0,0
369,Dennis Franz,8.16,250000,13,14,0,walked,1,1,1,12,58,1,11,1,13,1,brother_in_law,0,0
370,Martin Short,19.54,32000,12,13,93000,wrong,1,1,1,11,80,1,13,0,13,0,celebrity,0,0
371,Chevy Chase,15.03,125000,12,13,0,walked,1,1,1,11,67,1,12,1,12,1,friend,0,0
372,Andrew Richardson,7.35,1000,7,8,3000,wrong,1,1,1,5,79,1,6,1,7,1,friend,0,0
373,Jean Gonzalez,5.59,1000,7,8,3000,wrong,1,1,1,0,0,2,0,2,0,2,na,0,0
374,Matt Dacey,5.14,32000,10,11,0,wrong,1,1,1,9,55,1,11,0,10,1,friend,0,0
375,Rob McNally,4.6,500000,14,15,0,walked,1,1,1,7,74,1,15,0,15,0,father,0,0
376,Ben Fedora,3.86,16000,9,10,0,walked,1,1,1,4,94,1,9,1,9,1,friend,0,0
377,Jon Futrell,4.04,64000,11,12,0,walked,1,1,1,5,51,1,7,1,12,0,friend,0,0
378,Martin Poteralski,3.1,250000,13,14,0,walked,1,1,1,13,51,1,12,1,13,1,friend,0,0
379,James Dinan,3.57,64000,11,12,0,walked,1,1,1,6,81,1,8,1,12,0,friend,0,0
380,Steve Fayne,4.9,64000,11,12,0,walked,1,1,1,6,69,1,10,1,9,1,aunt,0,0
381,Tom Hoobler,5.8,500000,14,15,0,walked,1,1,1,11,50,1,12,1,13,1,wife,0,0
382,Andy Jackson,5.16,64000,11,12,0,walked,1,1,1,8,92,1,11,1,11,1,friend,0,0
383,Mary Burke,6.41,500000,14,15,0,walked,1,1,1,10,51,1,14,1,13,1,friend,0,0
384,Scott Aaron,6.7,1000,8,9,7000,wrong,1,1,1,7,52,1,8,1,8,1,nieces_husband,0,0
385,Joe Waters,5.07,125000,12,13,0,walked,1,1,1,10,33,1,11,1,10,1,friend,0,0
386,Jim Vercotti,5.63,32000,11,12,32000,wrong,1,1,1,5,73,1,10,1,12,1,teacher,0,0
387,Bob Rehn,6.68,32000,10,11,0,wrong,1,1,0,10,58,1,11,0,0,2,na,0,0
388,Jessica Yong,9.47,125000,12,13,0,walked,1,1,1,6,73,1,11,1,13,0,teacher,0,0
389,Debby Mittleman,4.54,0,3,4,300,wrong,0,0,0,0,0,2,0,2,0,2,na,0,0
390,Ellyn Ritterskamp,4.44,32000,10,11,0,wrong,1,1,1,10,33,0,10,1,10,0,friend,0,0
391,Rob Wilson,5.44,64000,11,12,0,walked,1,1,1,11,50,1,7,1,12,0,friend,0,0
392,Darius Rucker,7.09,32000,12,13,93000,wrong,1,1,1,13,55,0,12,1,13,0,friend,0,0
393,Nick Lachey,3.7,125000,12,13,0,walked,1,1,1,11,43,1,11,1,12,1,father,0,0
394,Heuy Lewis,5.18,125000,12,13,0,walked,1,1,1,12,50,1,12,1,12,1,brother_in_law,0,0
395,Brian McKnight,5.58,125000,12,13,0,walked,1,1,1,13,51,0,11,1,13,0,friend,0,0
396,Tyrese,7.08,32000,11,12,32000,wrong,1,0,0,12,52,0,0,2,0,2,na,0,0
397,Belinda Carlisle,5.52,32000,10,11,0,wrong,0,1,0,0,0,2,11,0,0,2,na,0,0
398,Lisa Lopes,4.44,32000,11,12,32000,wrong,0,1,1,0,0,2,12,0,12,0,friend,0,0
399,Pat Monahan,5.89,125000,12,13,0,walked,1,1,1,12,86,1,12,1,13,0,friend,0,0
400,Joey McIntyre,15.84,32000,11,12,32000,wrong,0,0,0,0,0,2,0,2,0,2,na,0,0
401,Lee Ann Womack,10.68,125000,12,13,0,walked,1,1,1,13,64,0,12,1,12,0,friend,0,0
402,Samuel Parks,3.81,1000,7,8,3000,wrong,1,0,1,7,76,1,0,2,8,0,uncle,0,0
403,Steve Silver,3.77,32000,10,11,0,wrong,0,0,0,0,0,2,0,2,0,2,na,0,0
404,Heather Welch,4.12,32000,10,11,0,wrong,1,1,1,10,45,0,8,1,10,1,mother,0,0
405,Cathy Tateosian,5.84,1000,9,10,15000,wrong,1,1,0,10,49,0,10,0,0,2,na,0,0
406,Dee Phillips,0,32000,12,13,93000,wrong,1,1,0,9,61,1,12,1,0,2,na,0,0
407,Willard Smith,4.83,32000,10,11,0,wrong,1,1,1,9,62,1,11,0,11,0,friend,0,0
408,Laura Forester,4.4,1000,9,10,15000,wrong,1,0,1,6,82,1,0,2,10,0,boss,0,0
409,Lyle Willetts,4.06,16000,9,10,0,walked,1,1,1,9,50,1,9,1,10,0,friend,0,0
410,Timothy Sternberg,5.54,16000,9,10,0,walked,1,1,1,4,72,1,9,1,7,1,contestant,0,0
411,Carl Lewis,6.7,32000,12,13,93000,wrong,1,1,0,12,87,1,13,0,0,2,na,0,0
412,Steve Young,4.21,32000,10,11,0,wrong,0,0,0,0,0,2,0,2,0,2,na,0,0
413,Martina Navratilova,4.47,125000,12,13,0,walked,1,1,1,11,48,1,12,1,12,0,friend,0,0
414,Johnny Bench,4.01,250000,13,14,0,walked,1,1,1,12,69,1,14,0,13,1,friend,0,0
415,Laila Ali,6.07,32000,11,12,32000,wrong,1,1,0,11,82,1,1,0,0,2,na,0,0
416,Jeff Gordon,4.25,32000,11,12,32000,wrong,1,1,1,11,89,1,12,0,12,0,friend,0,0
417,Tony Hawk,6.74,125000,12,13,0,walked,1,1,1,11,67,1,13,0,12,1,friend,0,0
418,Jim Courier,7.52,32000,12,13,93000,wrong,1,1,1,11,78,1,13,0,13,0,friend,0,0
419,John Elmway,6.22,64000,11,12,0,walked,1,1,1,11,57,1,9,1,11,0,friend,0,0
420,Charles Barkley,10.68,250000,13,14,0,walked,1,1,1,12,76,1,13,1,13,1,friend,0,0
421,Eddy McIntyre,5.58,64000,11,12,0,walked,1,1,1,9,41,1,8,1,10,1,friend,0,0
422,Frank Cook,5.55,64000,11,12,0,walked,1,1,1,11,31,1,11,1,11,0,friend,0,0
423,Carlo Espinas,5.4,125000,12,13,0,walked,1,1,1,10,92,1,10,1,10,1,friend,0,0
424,Americo Mariota,8.03,125000,12,13,0,walked,1,1,1,9,78,1,10,1,10,1,brother_in_law,0,0
425,Scott McKeeve,3.28,250000,13,14,0,walked,1,1,1,12,61,1,13,1,13,1,father_in_law,0,0
426,Seth Green,5.52,250000,13,14,0,walked,1,1,1,11,36,0,11,1,12,1,friend,0,0
427,Orlando Jones,7.46,32000,11,12,32000,wrong,1,1,1,11,40,0,11,1,12,0,friend,0,0
428,Jimmy Kimmel,5.71,125000,12,13,0,walked,1,1,1,11,56,1,12,1,13,0,celebrity,0,0
429,Caroline Rhea,6.97,125000,12,13,0,walked,1,1,1,12,54,1,13,1,12,0,fiance,0,0
430,Denis Leary,6.66,125000,12,13,0,walked,1,1,1,12,89,1,12,1,11,1,friend,0,0
431,Jack Black,6.94,125000,12,13,0,walked,1,1,1,12,86,1,13,0,13,1,mother,0,0
432,Archie Harris,4.98,125000,12,13,0,walked,1,1,1,11,80,1,13,0,13,0,friend,0,0
433,Wendy Landis,5.01,16000,9,10,0,walked,1,1,1,5,91,1,5,1,9,1,father,0,0
434,Adam Malanga,10.53,32000,10,11,0,wrong,1,0,0,11,58,0,0,2,0,2,na,0,0
435,Mike DiStefano,4.15,64000,11,12,0,walked,1,1,1,8,84,1,12,0,10,1,teacher,0,0
436,Paula Littman,4.54,64000,11,12,0,walked,1,1,1,11,66,1,12,0,10,1,friend,0,0
437,Bill Maher,8,32000,11,12,32000,wrong,1,0,1,11,93,1,0,2,12,0,celebrity,0,0
438,Katy Griffin,10.33,32000,10,11,0,wrong,1,0,0,11,76,0,0,2,0,2,na,0,0
439,Robin Quivers,6.93,125000,12,13,0,walked,1,1,1,13,32,0,12,1,12,1,celebrity,0,0
440,Kevin Nealon,20,32000,11,12,32000,wrong,1,1,1,11,76,1,12,0,12,0,celebrity,0,0
441,Shannon Martin,4.8,32000,11,12,32000,wrong,1,1,1,10,78,1,12,0,11,1,father,0,0
442,Scott Hastings,4.67,32000,11,12,32000,wrong,1,1,0,9,86,1,12,0,0,2,na,0,0
443,Jim Laverty,5.16,32000,10,11,0,wrong,1,1,1,12,64,1,12,0,12,0,father_in_law,0,0
444,Eric Mason,3.96,0,4,5,500,wrong,0,0,0,0,0,2,0,2,0,2,na,0,0
445,Travis Sumner,4.5,125000,12,13,0,walked,1,1,1,11,41,1,6,1,12,1,father,0,0
446,Steve Malnar,6.55,64000,11,12,0,walked,1,1,1,10,82,1,11,1,11,0,brother_in_law,0,0
447,William Hennessy,5.89,16000,9,10,0,walked,1,1,1,8,68,1,9,1,9,0,friend,0,0
448,Carol Alt,7.37,32000,11,12,32000,wrong,1,1,0,11,65,1,12,0,0,2,na,0,0
449,Bridget Hall,16.54,32000,10,11,0,wrong,1,0,0,11,44,0,0,2,0,2,na,0,0
450,Heidi Klum,0,250000,13,14,0,walked,1,1,1,12,54,1,13,1,14,0,friend,0,0
451,Billy Baldwin,6.38,250000,13,14,0,walked,1,1,1,12,57,1,13,1,13,0,teacher,0,0
452,Jon Favreau,8.69,125000,12,13,0,walked,1,1,1,11,78,1,13,0,12,1,father,0,0
453,Shannon Elizabeth,8.56,64000,11,12,0,walked,1,1,1,11,44,1,11,1,12,0,friend,0,0
454,Dave Hann,5.13,250000,13,14,0,walked,1,1,1,9,70,1,14,0,14,0,father_in_law,0,0
455,Kevin Bacon,8.26,125000,12,13,0,walked,1,1,1,12,55,1,8,1,13,1,friend,0,0
456,David Alan Grier,7.62,125000,12,13,0,walked,1,1,1,9,85,1,11,1,11,0,friend,0,0
457,Eve,8.29,32000,10,11,0,wrong,0,0,0,0,0,2,0,2,0,2,na,0,0
458,David Clayton,4.88,250000,13,14,0,walked,1,1,1,10,55,1,13,1,12,1,friend,0,0
459,Meredith Vieira,20,250000,13,14,0,walked,1,1,1,14,42,0,13,1,13,1,friend,0,0
460,Paul Rodriguez,0,32000,11,12,32000,wrong,1,1,1,11,52,0,12,0,11,1,friend,0,0
461,Nancy Redd,4.55,250000,13,14,0,walked,1,1,1,9,73,1,9,1,11,1,friend,0,0
462,Jonathan Lubin,4.31,250000,13,14,0,walked,1,1,1,8,56,1,13,1,10,1,friend,0,0
463,Stephen Collins,8.16,125000,12,13,0,walked,1,1,1,12,85,1,13,0,12,0,friend,0,0
464,Robert Urich,6.87,125000,12,13,0,walked,1,1,1,11,77,1,13,0,12,1,friend,0,0
465,William Shatner,0,32000,11,12,32000,wrong,0,1,0,0,0,2,12,0,0,2,na,0,0
466,Adam Fried,4.93,64000,11,12,0,walked,1,1,1,10,37,1,10,1,12,0,brother,0,0
467,Justin Savino,5.33,64000,11,12,0,walked,1,1,1,5,92,1,8,1,10,0,friend,0,0
468,Jennifer Starks,4.31,0,2,3,200,wrong,0,0,0,0,0,2,0,2,0,2,na,0,0
469,Adam Cohn,6.52,32000,10,11,0,wrong,1,1,1,11,42,0,10,1,11,0,friend,0,0
470,Sam Martina,4.84,1000,8,9,7000,wrong,0,1,1,0,0,2,9,0,8,1,teacher,0,0
471,George Berwick,7.35,125000,12,13,0,walked,1,1,1,6,81,1,8,1,10,1,sister,0,0
472,Julie Tan,4.23,32000,10,11,0,wrong,1,1,0,8,70,1,9,1,0,2,na,0,0
473,Jonathan Tsilimos,4.21,64000,11,12,0,walked,1,1,1,9,91,1,11,1,12,0,cousin,0,0
474,Stephanie Stradley,4.95,64000,11,12,0,walked,1,1,1,10,51,1,12,0,11,1,friend,0,0
475,Stephanie Smith,5.14,16000,9,10,0,walked,1,1,1,8,89,1,9,1,9,1,brother,0,0
476,Becky Busby,5.25,64000,11,12,0,walked,1,1,1,9,72,1,12,0,12,0,sister,0,0
477,Allen Rindfuss,6.8,1000,8,9,7000,wrong,1,0,0,6,58,1,0,2,0,2,na,0,0
478,Heather Urbanski,5.04,125000,12,13,0,walked,1,1,1,6,54,1,13,0,13,0,sister,0,0
479,Carol Alaimo,8.46,125000,12,13,0,walked,1,1,1,9,44,1,10,1,12,1,contestant,0,0
480,Dale Masel,0,1000,0,0,0,wrong,2,2,2,0,0,2,0,2,0,2,na,0,0
481,Jeff Wilkie,0,64000,11,12,0,walked,2,2,2,0,0,2,0,2,0,2,na,0,0
482,Ken Hesser,0,64000,11,12,0,walked,2,2,2,0,0,2,0,2,0,2,na,0,0
483,Kevin Connors,0,1000,0,0,0,wrong,2,2,2,0,0,2,0,2,0,2,na,0,0
484,Sean Farrelly,0,32000,0,0,0,na,2,2,2,0,0,2,0,2,0,2,na,0,0
485,Mike Huggins,0,1000,0,0,0,na,2,2,2,0,0,2,0,2,0,2,na,0,0
486,Nathan Cone,0,32000,0,0,0,na,2,2,2,0,0,2,0,2,0,2,na,0,0
487,Karl Schreiter,0,16000,9,10,0,walked,2,2,2,0,0,2,0,2,0,2,na,0,0
488,Michael Rechtstaffen,0,1000,0,0,0,na,2,2,2,0,0,2,0,2,0,2,na,0,0
489,Joel Kasenberg,0,1000,0,0,0,na,2,2,2,0,0,2,0,2,0,2,na,0,0
490,Kurt Warkenstein,0,32000,0,0,0,na,2,2,2,0,0,2,0,2,0,2,na,0,0
491,James Dickson,0,1000,0,0,0,na,2,2,2,0,0,2,0,2,0,2,na,0,0
492,Drew Rosin,0,64000,11,12,0,walked,2,2,2,0,0,2,0,2,0,2,na,0,0
493,Jeff Grizer,0,64000,1,12,0,walked,2,2,2,0,0,2,0,2,0,2,na,0,0
494,Bob Bass,0,32000,0,0,0,na,2,2,2,0,0,2,0,2,0,2,na,0,0
495,Dan Doody,0,1000,0,0,0,na,2,2,2,0,0,2,0,2,0,2,na,0,0
496,Patti McGrath,0,32000,0,0,0,na,2,2,2,0,0,2,0,2,0,2,na,0,0
497,Phillip Visha,0,1000,0,0,0,na,2,2,2,0,0,2,0,2,0,2,na,0,0
498,Drew Fine,0,32000,0,0,0,na,2,2,2,0,0,2,0,2,0,2,na,0,0
499,Steve Ellson,0,125000,12,13,0,walked,2,2,2,0,0,2,0,2,0,2,na,0,0
500,Ryan Reed,0,1000,0,0,0,na,2,2,2,0,0,2,0,2,0,2,na,0,0
501,Marcia Molina,0,1000,0,0,0,na,2,2,2,0,0,2,0,2,0,2,na,0,0
502,Steve Giblin,0,32000,0,0,0,na,2,2,2,0,0,2,0,2,0,2,na,0,0
503,Andrew Lohmann,0,1000,0,0,0,na,2,2,2,0,0,2,0,2,0,2,na,0,0
504,Carolyn Dushane,0,64000,11,12,0,walked,2,2,2,0,0,2,0,2,0,2,na,0,0
505,Jonathan Wilks,0,125000,12,13,0,walked,2,2,2,0,0,2,0,2,0,2,na,0,0
506,Kevin Francis,0,1000,0,0,0,na,2,2,2,0,0,2,0,2,0,2,na,0,0
507,Norman Connors,0,32000,10,11,0,wrong,2,2,2,0,0,2,0,2,0,2,na,0,0
508,Carl Williams,0,1000,0,0,0,na,2,2,2,0,0,2,0,2,0,2,na,0,0
509,Mark Prysant,0,125000,12,13,0,walked,2,2,2,0,0,2,0,2,0,2,na,0,0
510,Andy Lee,0,1000,0,0,0,na,2,2,2,0,0,2,0,2,0,2,na,0,0
511,Rob Hallworth,0,64000,11,12,0,walked,2,2,2,0,0,2,0,2,0,2,na,0,0
512,Eric Fillman,6.09,1000,5,6,0,wrong,2,2,2,0,0,2,0,2,0,2,na,0,0
513,Greg Smith,0,1000,0,0,0,na,2,2,2,0,0,2,0,2,0,2,na,0,0
514,Tracy Meinecke,1,16000,9,10,0,walked,2,2,2,0,0,2,0,2,0,2,na,0,0
515,Tara Fingeret,0,1000,0,0,0,na,2,2,2,0,0,2,0,2,0,2,na,0,0
516,Carrie Dummer,0,1000,0,0,0,na,2,2,2,0,0,2,0,2,0,2,na,0,0
517,Melanie Dorsey,0,16000,9,10,0,walked,2,2,2,0,0,2,0,2,0,2,na,0,0
518,Ian Podraza,0,32000,10,11,0,wrong,2,2,2,0,0,2,0,2,0,2,na,0,0
519,Rich Matthews,0,32000,10,11,0,wrong,2,2,2,0,0,2,0,2,0,2,na,0,0
520,John Hilbert,0,32000,10,11,0,wrong,2,2,2,0,0,2,0,2,0,2,na,0,0
521,Jeff Mazurak,0,64000,11,12,0,walked,2,2,2,0,0,2,0,2,0,2,na,0,0
522,Christopher Porter,0,1000,0,0,0,na,2,2,2,0,0,2,0,2,0,2,na,0,0
523,Edward Caruso,0,1000,0,0,0,na,2,2,2,0,0,2,0,2,0,2,na,0,0
524,Steve Hummer,0,125000,12,13,0,walked,2,2,2,0,0,2,0,2,0,2,na,0,0
525,Neal Brunt,0,32000,12,13,93000,wrong,2,2,2,0,0,2,0,2,0,2,na,0,0
526,Kyle Hunter,0,32000,10,11,0,wrong,2,2,2,0,0,2,0,2,0,2,na,0,0
527,Art Kraus,0,32000,10,11,0,wrong,2,2,2,0,0,2,0,2,0,2,na,0,0
528,Brian Ferguson,0,32000,0,0,0,na,2,2,2,0,0,2,0,2,0,2,na,0,0
529,Al Schaeffer,0,250000,13,14,0,walked,2,2,2,0,0,2,0,2,0,2,na,0,0
530,Ryan Millhouse,0,32000,0,0,0,na,2,2,2,0,0,2,0,2,0,2,na,0,0
531,Ryan Biederan,0,64000,11,12,0,walked,2,2,2,0,0,2,0,2,0,2,na,0,0
532,Mike Billok,0,125000,12,13,0,walked,2,2,2,0,0,2,0,2,0,2,na,0,0
533,Mike Hughes,0,125000,12,13,0,walked,2,2,2,0,0,2,0,2,0,2,na,0,0
534,Tracey Tariska,0,32000,0,0,0,na,2,2,2,0,0,2,0,2,0,2,na,0,0
535,Jeff Fisher,0,4000,7,8,0,walked,2,2,2,0,0,2,0,2,0,2,na,0,0
536,Matt Murray,0,32000,0,0,0,na,2,2,2,0,0,2,0,2,0,2,na,0,0
537,Pierre Audet,0,1000,8,9,7000,wrong,2,2,2,0,0,2,0,2,0,2,na,0,0
538,Bob Watts,0,125000,12,13,0,walked,2,2,2,0,0,2,0,2,0,2,na,0,0
539,Brian Sexton,0,32000,0,0,0,na,2,2,2,0,0,2,0,2,0,2,na,0,0
540,Rich Cooper,0,1000,0,0,0,na,2,2,2,0,0,2,0,2,0,2,na,0,0
541,Tom Reneau,0,64000,11,12,0,walked,2,2,2,0,0,2,0,2,0,2,na,0,0
542,Dave Potts,0,64000,11,12,0,walked,2,2,2,0,0,2,0,2,0,2,na,0,0
543,Eileen Duffy,0,125000,12,13,0,walked,2,2,2,0,0,2,0,2,0,2,na,0,0
544,Dan Jolley,0,8000,8,9,0,walked,2,2,2,0,0,2,0,2,0,2,na,0,0
545,Jay Ferguson,0,32000,0,0,0,na,2,2,2,0,0,2,0,2,0,2,na,0,0
546,Scott Taylor,0,32000,0,0,0,na,2,2,2,0,0,2,0,2,0,2,na,0,0
547,Mike Babb,0,1000,0,0,0,na,2,2,2,0,0,2,0,2,0,2,na,0,0
548,Scott Bickerstaff,0,64000,11,12,0,walked,2,2,2,0,0,2,0,2,0,2,na,0,0
549,Gus Papadopoulos,0,1000,0,0,0,na,2,2,2,0,0,2,0,2,0,2,na,0,0
550,Brian Sigrist,0,125000,12,13,0,walked,2,2,2,0,0,2,0,2,0,2,na,0,0
551,Leslie Silva,0,1000,0,0,0,na,2,2,2,0,0,2,0,2,0,2,na,0,0
552,Dennis Kairis,0,1000,0,0,0,na,2,2,2,0,0,2,0,2,0,2,na,0,0
553,Sam Matthews,0,32000,0,0,0,na,2,2,2,0,0,2,0,2,0,2,na,0,0
554,Lee Rasmussen,0,1000,0,0,0,na,2,2,2,0,0,2,0,2,0,2,na,0,0
555,Bruce Rogers,0,1000,0,0,0,na,2,2,2,0,0,2,0,2,0,2,na,0,0
556,Ron Trigueiro,0,125000,12,13,0,walked,2,2,2,0,0,2,0,2,0,2,na,0,0
557,Chris Wessling,0,32000,10,11,0,wrong,2,2,2,0,0,2,0,2,0,2,na,0,0
558,Bill Inama,0,1000,0,0,0,na,2,2,2,0,0,2,0,2,0,2,na,0,0
559,Peter Orvetti,0,32000,0,0,0,na,2,2,2,0,0,2,0,2,0,2,na,0,0
560,Eric Wolfe,0,32000,0,0,0,na,2,2,2,0,0,2,0,2,0,2,na,0,0
561,Lisa Lord,0,64000,11,12,0,walked,2,2,2,0,0,2,0,2,0,2,na,0,0
562,Amy Becker,0,4000,7,8,0,walked,2,2,2,0,0,2,0,2,0,2,na,0,0
563,Rene Nortz,0,32000,0,0,0,na,2,2,2,0,0,2,0,2,0,2,na,0,0
564,Richard Grebow,0,32000,0,0,0,na,2,2,2,0,0,2,0,2,0,2,na,0,0
565,Bill Harn,0,1000,0,0,0,na,2,2,2,0,0,2,0,2,0,2,na,0,0
566,Al Schaeffer,0,125000,12,13,0,walked,2,2,2,0,0,2,0,2,0,2,na,0,0
567,Patrick Ripley,0,32000,0,0,0,na,2,2,2,0,0,2,0,2,0,2,na,0,0
568,Rob Pohl,0,32000,0,0,0,na,2,2,2,0,0,2,0,2,0,2,na,0,0
569,Jon Olson,0,32000,0,0,0,na,2,2,2,0,0,2,0,2,0,2,na,0,0
570,Sheryl Page,0,1000,0,0,0,na,2,2,2,0,0,2,0,2,0,2,na,0,0
571,Kathryn Humphreys,0,64000,11,12,0,walked,2,2,2,0,0,2,0,2,0,2,na,0,0
572,Jody Matzer,0,125000,12,13,0,walked,2,2,2,0,0,2,0,2,0,2,na,0,0
573,Jim Faggiana,0,32000,0,0,0,na,2,2,2,0,0,2,0,2,0,2,na,0,0
574,Jane Henderson,0,32000,12,13,93000,wrong,2,2,2,0,0,2,0,2,0,2,na,0,0
575,Scott Goodman,0,32000,10,11,0,wrong,2,2,2,0,0,2,0,2,0,2,na,0,0
576,Steve Bolen,0,1000,0,0,0,na,2,2,2,0,0,2,0,2,0,2,na,0,0
577,Karen Fedor,0,1000,0,0,0,na,2,2,2,0,0,2,0,2,0,2,na,0,0
578,Dominic Ferrante,0,16000,9,10,0,walked,2,2,2,0,0,2,0,2,0,2,na,0,0
579,Steve Best,0,64000,11,12,0,walked,2,2,2,0,0,2,0,2,0,2,na,0,0
580,John Aducci,0,125000,12,13,0,walked,2,2,2,0,0,2,0,2,0,2,na,0,0
581,Mike Keating,0,1000,0,0,0,na,2,2,2,0,0,2,0,2,0,2,na,0,0
582,Kraig Norris,0,32000,12,13,93000,wrong,2,2,2,0,0,2,0,2,0,2,na,0,0
583,David Swanson,0,32000,0,0,0,na,2,2,2,0,0,2,0,2,0,2,na,0,0
584,Todd Creekmore,0,64000,11,12,0,walked,2,2,2,0,0,2,0,2,0,2,na,0,0
585,Judy Bartoletti,0,64000,11,12,0,walked,2,2,2,0,0,2,0,2,0,2,na,0,0
586,Michael Mernin,0,125000,12,13,0,walked,2,2,2,0,0,2,0,2,0,2,na,0,0
587,Eric Lillienthal,0,1000,9,10,15000,wrong,2,2,2,0,0,2,0,2,0,2,na,0,0
588,Oliver Wade,0,32000,0,0,0,na,2,2,2,0,0,2,0,2,0,2,na,0,0
589,Eric Feinstein,0,1000,0,0,0,na,2,2,2,0,0,2,0,2,0,2,na,0,0
590,Maureen Lawlor,0,125000,12,13,0,walked,2,2,2,0,0,2,0,2,0,2,na,0,0
591,John Katrensky,0,1000,0,0,0,na,2,2,2,0,0,2,0,2,0,2,na,0,0
592,David Lukov,0,1000,0,0,0,na,2,2,2,0,0,2,0,2,0,2,na,0,0
593,Lowell Ross,0,1000,0,0,0,na,2,2,2,0,0,2,0,2,0,2,na,0,0
594,Bruce Andriatch,0,16000,9,10,0,walked,2,2,2,0,0,2,0,2,0,2,na,0,0
595,Cosette Roura,0,1000,0,0,0,na,2,2,2,0,0,2,0,2,0,2,na,0,0
596,Mike Ziniti,0,16000,9,10,0,walked,2,2,2,0,0,2,0,2,0,2,na,0,0
597,Jim Lairmore,0,125000,12,13,0,walked,2,2,2,0,0,2,0,2,0,2,na,0,0
598,Tim Rogers,0,64000,11,12,0,walked,2,2,2,0,0,2,0,2,0,2,na,0,0
599,Beth Woods,0,32000,11,12,32000,wrong,2,2,2,0,0,2,0,2,0,2,na,0,0
600,John Grochowski,0,125000,12,13,0,walked,2,2,2,0,0,2,0,2,0,2,na,0,0
601,Todd Flanders,0,125000,12,13,0,walked,2,2,2,0,0,2,0,2,0,2,na,0,0
602,Ed Withowski,0,32000,0,0,0,na,2,2,2,0,0,2,0,2,0,2,na,0,0
603,Chana Scwadlenak,0,1000,0,0,0,na,2,2,2,0,0,2,0,2,0,2,na,0,0
604,Paul Cornbleth,0,32000,0,0,0,na,2,2,2,0,0,2,0,2,0,2,na,0,0
605,Michael Brand,0,32000,10,11,0,wrong,2,2,2,0,0,2,0,2,0,2,na,0,0
606,Daniel Brekke,0,32000,10,11,0,wrong,2,2,2,0,0,2,0,2,0,2,na,0,0
607,Steve Cornman,0,125000,12,13,0,walked,2,2,2,0,0,2,0,2,0,2,na,0,0
608,David MacLaine,0,250000,13,14,0,walked,2,2,2,0,0,2,0,2,0,2,na,0,0
609,Kurt Naumann,0,32000,11,12,32000,wrong,2,2,2,0,0,2,0,2,0,2,na,0,0
610,Jennifer Morgan,0,125000,12,13,0,walked,2,2,2,0,0,2,0,2,0,2,na,0,0
611,Kevin Swaluk,0,64000,11,12,0,walked,2,2,2,0,0,2,0,2,0,2,na,0,0
612,Maureen Block,0,1000,0,0,0,na,2,2,2,0,0,2,0,2,0,2,na,0,0
613,Gary Jackson,0,1000,0,0,0,na,2,2,2,0,0,2,0,2,0,2,na,0,0
614,Zack Jaffe,0,1000,0,0,0,na,2,2,2,0,0,2,0,2,0,2,na,0,0
615,Brandon Moen,0,16000,9,10,0,walked,2,2,2,0,0,2,0,2,0,2,na,0,0
616,Frank Tangredi,0,32000,0,0,0,na,2,2,2,0,0,2,0,2,0,2,na,0,0
617,Tony D'Orazio,0,1000,0,0,0,na,2,2,2,0,0,2,0,2,0,2,na,0,0
618,Marjorie Taglieri,0,1000,0,0,0,na,2,2,2,0,0,2,0,2,0,2,na,0,0
619,Jim Baldwin,0,64000,11,12,0,walked,2,2,2,0,0,2,0,2,0,2,na,0,0
620,Steve Rudolph,0,1000,0,0,0,na,2,2,2,0,0,2,0,2,0,2,na,0,0
621,Jamie Hammond,0,64000,11,12,0,walked,2,2,2,0,0,2,0,2,0,2,na,0,0
622,Jamie Smith,0,1000,0,0,0,na,2,2,2,0,0,2,0,2,0,2,na,0,0
623,Harry Berman,0,32000,0,0,0,na,2,2,2,0,0,2,0,2,0,2,na,0,0
624,Doug Arm,0,1000,0,0,0,na,2,2,2,0,0,2,0,2,0,2,na,0,0
625,Andrew Rentz,0,1000,0,0,0,na,2,2,2,0,0,2,0,2,0,2,na,0,0
626,Norman Sterner,0,1000,0,0,0,na,2,2,2,0,0,2,0,2,0,2,na,0,0
627,Greg Hummel,0,1000,6,7,1000,wrong,2,2,2,0,0,2,0,2,0,2,na,0,0
628,Ronald Moya,0,1000,5,6,0,wrong,2,2,2,0,0,2,0,2,0,2,na,0,0
629,Linda Percy,0,32000,11,12,32000,wrong,2,2,2,0,0,2,0,2,0,2,na,0,0
630,Shelton Basham,0,16000,9,10,0,walked,2,2,2,0,0,2,0,2,0,2,na,0,0
631,Andre Cadieux,0,1000,0,0,0,na,2,2,2,0,0,2,0,2,0,2,na,0,0
632,Dan Langdon,0,1000,0,0,0,na,2,2,2,0,0,2,0,2,0,2,na,0,0
633,Connie Walsh,0,1000,0,0,0,na,2,2,2,0,0,2,0,2,0,2,na,0,0
634,Karen Klein,0,8000,8,9,0,walked,2,2,2,0,0,2,0,2,0,2,na,0,0
635,Alicia Reeves,0,1000,0,0,0,na,2,2,2,0,0,2,0,2,0,2,na,0,0
636,Jennifer Perrine,0,16000,9,10,0,walked,2,2,2,0,0,2,0,2,0,2,na,0,0
637,Paul Yakatan,0,32000,0,0,0,na,2,2,2,0,0,2,0,2,0,2,na,0,0
638,Paul Riecke,0,125000,12,13,0,walked,2,2,2,0,0,2,0,2,0,2,na,0,0
639,Richard Stinnett,0,1000,0,0,0,na,2,2,2,0,0,2,0,2,0,2,na,0,0
640,Matt Silcox,0,64000,11,12,0,walked,2,2,2,0,0,2,0,2,0,2,na,0,0
641,Garron Hansen,0,16000,9,10,0,walked,2,2,2,0,0,2,0,2,0,2,na,0,0
642,Tara Goodman,0,32000,0,0,0,na,2,2,2,0,0,2,0,2,0,2,na,0,0
643,Christopher Liptrap,0,1000,0,0,0,na,2,2,2,0,0,2,0,2,0,2,na,0,0
644,Howie Rosenblatt,0,1000,0,0,0,na,2,2,2,0,0,2,0,2,0,2,na,0,0
645,Owen Sonntag,0,1000,0,0,0,na,2,2,2,0,0,2,0,2,0,2,na,0,0
646,Jo Ann Bravato,0,1000,0,0,0,na,2,2,2,0,0,2,0,2,0,2,na,0,0
647,Mary Teykl,0,32000,0,0,0,na,2,2,2,0,0,2,0,2,0,2,na,0,0
648,Joanne Osmolik,0,1000,0,0,0,na,2,2,2,0,0,2,0,2,0,2,na,0,0
649,Scott Yackel,0,64000,11,12,0,walked,2,2,2,0,0,2,0,2,0,2,na,0,0
650,Susan Larose,0,64000,11,12,0,walked,2,2,2,0,0,2,0,2,0,2,na,0,0
651,Kevin Fleming,0,64000,11,12,0,walked,2,2,2,0,0,2,0,2,0,2,na,0,0
652,Sarah Curnoyer,0,16000,9,10,0,walked,2,2,2,0,0,2,0,2,0,2,na,0,0
653,Phil Gibson,0,250000,13,14,0,walked,2,2,2,0,0,2,0,2,0,2,na,0,0
654,Joanne Spotts,0,16000,9,10,0,walked,2,2,2,0,0,2,0,2,0,2,na,0,0
655,Robin Riglin,0,250000,13,14,0,walked,2,2,2,0,0,2,0,2,0,2,na,0,0
656,Michael Whalen,0,32000,0,0,0,na,2,2,2,0,0,2,0,2,0,2,na,0,0
657,Joe Mulcahey,0,125000,12,13,0,walked,2,2,2,0,0,2,0,2,0,2,na,0,0
658,Andrew Strange,0,125000,12,13,0,walked,2,2,2,0,0,2,0,2,0,2,na,0,0
659,Bill Beattie,0,64000,11,12,0,walked,2,2,2,0,0,2,0,2,0,2,na,0,0
660,Rulon Gardner,0,125000,12,13,0,walked,2,2,2,0,0,2,0,2,0,2,na,0,0
661,Laura Wilkinson,0,32000,0,0,0,na,2,2,2,0,0,2,0,2,0,2,na,0,0
662,Lenny Krayzelburg,0,32000,0,0,0,na,2,2,2,0,0,2,0,2,0,2,na,0,0
663,Jenny Thompson,0,125000,12,13,0,walked,2,2,2,0,0,2,0,2,0,2,na,0,0
664,Julie Foudy,0,125000,12,13,0,walked,2,2,2,0,0,2,0,2,0,2,na,0,0
665,Dara Torres,0,125000,12,13,0,walked,2,2,2,0,0,2,0,2,0,2,na,0,0
666,Gary Hall,0,125000,12,13,0,walked,2,2,2,0,0,2,0,2,0,2,na,0,0
667,Maurice Greene,0,125000,12,13,0,walked,2,2,2,0,0,2,0,2,0,2,na,0,0
668,Phil Hornbostel,0,1000,0,0,0,na,2,2,2,0,0,2,0,2,0,2,na,0,0
669,Phillip Sternenberg,0,16000,9,10,0,walked,2,2,2,0,0,2,0,2,0,2,na,0,0
670,Todd Kivi,0,32000,0,0,0,na,2,2,2,0,0,2,0,2,0,2,na,0,0
671,Lore Guilmartin,0,1000,7,8,3000,wrong,2,2,2,0,0,2,0,2,0,2,na,0,0
672,Lynne Baldwin,0,32000,10,11,0,wrong,2,2,2,0,0,2,0,2,0,2,na,0,0
673,Alex Aldrich,0,125000,12,13,0,walked,2,2,2,0,0,2,0,2,0,2,na,0,0
674,Tracy Cotter,0,125000,12,13,0,walked,2,2,2,0,0,2,0,2,0,2,na,0,0
675,Joe Mallon,0,125000,12,13,0,walked,2,2,2,0,0,2,0,2,0,2,na,0,0
676,Rachel Quaitance,0,1000,0,0,0,na,2,2,2,0,0,2,0,2,0,2,na,0,0
677,Scot Brody,0,1000,0,0,0,na,2,2,2,0,0,2,0,2,0,2,na,0,0
678,Michael Lowenstein,0,125000,12,13,0,walked,2,2,2,0,0,2,0,2,0,2,na,0,0
679,Charlotte Seymour,0,64000,11,12,0,walked,2,2,2,0,0,2,0,2,0,2,na,0,0
680,Lori Bailey,0,64000,11,12,0,walked,2,2,2,0,0,2,0,2,0,2,na,1,11
681,Patrick Downes,0,32000,0,0,0,na,2,2,2,0,0,2,0,2,0,2,na,0,0
682,Tom Bolton,0,250000,13,14,0,walked,2,2,2,0,0,2,0,2,0,2,na,0,0
683,David Ippolito,0,64000,11,12,0,walked,2,2,2,0,0,2,0,2,0,2,na,0,0
684,Matthew Gray,0,64000,11,12,0,walked,2,2,2,0,0,2,0,2,0,2,na,0,0
685,Steve Barnes,0,1000,0,0,0,na,2,2,2,0,0,2,0,2,0,2,na,0,0
686,Ken Benson,0,1000,0,0,0,na,2,2,2,0,0,2,0,2,0,2,na,0,0
687,Michael Hughes,0,1000,0,0,0,na,2,2,2,0,0,2,0,2,0,2,na,0,0
688,Bob Bargar,0,32000,12,13,93000,wrong,2,2,2,0,0,2,0,2,0,2,na,0,0
689,Carl Sheffield,0,16000,9,10,0,walked,2,2,2,0,0,2,0,2,0,2,na,0,0
690,Jim Northrop,0,16000,9,10,0,walked,2,2,2,0,0,2,0,2,0,2,na,0,0
691,Lyn Robbins,0,16000,9,10,0,walked,2,2,2,0,0,2,0,2,0,2,na,0,0
692,Nick Boneff,0,1000,9,10,15000,wrong,2,2,2,0,0,2,0,2,0,2,na,0,0
693,Jim Wise,0,32000,0,0,0,na,2,2,2,0,0,2,0,2,0,2,na,0,0
694,Ron Roberts,0,32000,0,0,0,na,2,2,2,0,0,2,0,2,0,2,na,0,0
695,Curtis Hane,0,64000,11,12,0,walked,2,2,2,0,0,2,0,2,0,2,na,0,0
696,Michael Schwartz,0,8000,8,9,0,walked,2,2,2,0,0,2,0,2,0,2,na,0,0
697,Fowler Jones,0,125000,12,13,0,walked,2,2,2,0,0,2,0,2,0,2,na,0,0
698,Kim Nixon,0,1000,0,0,0,na,2,2,2,0,0,2,0,2,0,2,na,0,0
699,Joel Reid,0,250000,13,14,0,walked,2,2,2,0,0,2,0,2,0,2,na,0,0
700,Mike Harvey,0,125000,12,13,0,walked,2,2,2,0,0,2,0,2,0,2,na,0,0
701,John Simmons,0,32000,0,0,0,na,2,2,2,0,0,2,0,2,0,2,na,0,0
702,Shaili Bhula,0,16000,9,10,0,walked,2,2,2,0,0,2,0,2,0,2,na,0,0
703,Domninque Ferrari,0,1000,0,0,0,na,2,2,2,0,0,2,0,2,0,2,na,0,0
704,Lindsey Malcon,0,1000,0,0,0,na,2,2,2,0,0,2,0,2,0,2,na,0,0
705,Ben Wong,0,64000,11,12,0,walked,2,2,2,0,0,2,0,2,0,2,na,0,0
706,Julie Doran,0,32000,10,11,0,wrong,2,2,2,0,0,2,0,2,0,2,na,0,0
707,Susan Glaze,0,32000,0,0,0,na,2,2,2,0,0,2,0,2,0,2,na,0,0
708,Todd Leopold,0,1000,0,0,0,na,2,2,2,0,0,2,0,2,0,2,na,0,0
709,Susan Miolla,0,1000,0,0,0,na,2,2,2,0,0,2,0,2,0,2,na,0,0
710,Sean Beckly,0,1000,0,0,0,na,2,2,2,0,0,2,0,2,0,2,na,0,0
711,Ken Cohn,0,1000,0,0,0,na,2,2,2,0,0,2,0,2,0,2,na,0,0
712,Ted Stowe,0,1000,0,0,0,na,2,2,2,0,0,2,0,2,0,2,na,0,0
713,Randy Tomassi,0,64000,11,12,0,walked,2,2,2,0,0,2,0,2,0,2,na,0,0
714,Keith Bell,0,1000,0,0,0,na,2,2,2,0,0,2,0,2,0,2,na,0,0
715,Steve Horner,0,1000,0,0,0,na,2,2,2,0,0,2,0,2,0,2,na,0,0
716,Bob Cascella,0,1000,0,0,0,na,2,2,2,0,0,2,0,2,0,2,na,0,0
717,Errol Proctor,0,16000,9,10,0,walked,2,2,2,0,0,2,0,2,0,2,na,0,0
718,Chris Nicholus,0,32000,0,0,0,na,2,2,2,0,0,2,0,2,0,2,na,0,0
719,Beth Kellum,0,1000,0,0,0,na,2,2,2,0,0,2,0,2,0,2,na,0,0
720,John Dignam,0,64000,11,12,0,walked,2,2,2,0,0,2,0,2,0,2,na,0,0
721,Gleen Harms,0,1000,0,0,0,na,2,2,2,0,0,2,0,2,0,2,na,0,0
722,Marcus Schrick,0,125000,12,13,0,walked,2,2,2,0,0,2,0,2,0,2,na,0,0
723,Ted Kenniston,0,32000,0,0,0,na,2,2,2,0,0,2,0,2,0,2,na,0,0
724,Yona Eshkenazi,0,1000,0,0,0,na,2,2,2,0,0,2,0,2,0,2,na,0,0
725,Paul Rees,0,1000,0,0,0,na,2,2,2,0,0,2,0,2,0,2,na,0,0
726,Laeki Harris,0,1000,0,0,0,na,2,2,2,0,0,2,0,2,0,2,na,0,0
727,Dan Seifried,0,1000,9,10,15000,wrong,2,2,2,0,0,2,0,2,0,2,na,0,0
728,Merilee Bordin,0,1000,0,0,0,na,2,2,2,0,0,2,0,2,0,2,na,0,0
729,Michael Barnes,0,1000,0,0,0,na,2,2,2,0,0,2,0,2,0,2,na,0,0
730,Andrea Schluttenhofer,0,1000,9,10,15000,wrong,2,2,2,0,0,2,0,2,0,2,na,0,0
731,Bob Striegel,0,1000,0,0,0,na,2,2,2,0,0,2,0,2,0,2,na,0,0
732,Kim Forster,0,1000,0,0,0,na,2,2,2,0,0,2,0,2,0,2,na,0,0
733,Memil Trowbridhe,0,1000,0,0,0,na,2,2,2,0,0,2,0,2,0,2,na,0,0
734,Kent Swallwood,0,1000,0,0,0,na,2,2,2,0,0,2,0,2,0,2,na,0,0
735,Barrett Hildreth,0,1000,0,0,0,na,2,2,2,0,0,2,0,2,0,2,na,0,0
736,Sally Keenan,0,64000,11,12,0,walked,2,2,2,0,0,2,0,2,0,2,na,0,0
737,Claire Edelstein,0,32000,10,11,0,wrong,2,2,2,0,0,2,0,2,0,2,na,0,0
738,Steve Flynn,0,125000,12,13,0,walked,2,2,2,0,0,2,0,2,0,2,na,0,0
739,John Booth,0,64000,11,12,0,walked,2,2,2,0,0,2,0,2,0,2,na,0,0
740,James Stokos,0,1000,0,0,0,na,2,2,2,0,0,2,0,2,0,2,na,0,0
741,Andy Rothman,0,32000,0,0,0,na,2,2,2,0,0,2,0,2,0,2,na,0,0
742,Penny Poplin Gosetti,0,64000,11,12,0,walked,2,2,2,0,0,2,0,2,0,2,na,0,0
743,Gary Itrner,0,16000,9,10,0,walked,2,2,2,0,0,2,0,2,0,2,na,0,0
744,Barry Moore,0,1000,0,0,0,na,2,2,2,0,0,2,0,2,0,2,na,0,0
745,Brian Killgore,0,32000,0,0,0,na,2,2,2,0,0,2,0,2,0,2,na,0,0
746,Garle Takasaki,0,125000,12,13,0,walked,2,2,2,0,0,2,0,2,0,2,na,0,0
747,Kevin Hamilton,0,32000,0,0,0,na,2,2,2,0,0,2,0,2,0,2,na,0,0
748,Matt Mullins,0,32000,0,0,0,na,2,2,2,0,0,2,0,2,0,2,na,0,0
749,Howard Bousel,0,16000,9,10,0,walked,2,2,2,0,0,2,0,2,0,2,na,0,0
750,Sean Hildreth,0,1000,0,0,0,na,2,2,2,0,0,2,0,2,0,2,na,0,0
751,William Hatfield,0,1000,0,0,0,na,2,2,2,0,0,2,0,2,0,2,na,0,0
752,Tom Weiss,0,16000,9,10,0,walked,2,2,2,0,0,2,0,2,0,2,na,0,0
753,Sidney Browning,0,64000,11,12,0,walked,2,2,2,0,0,2,0,2,0,2,na,0,0
754,Karl Holzheimer,0,32000,0,0,0,na,2,2,2,0,0,2,0,2,0,2,na,0,0
755,John Wilkes,0,64000,11,12,0,walked,2,2,2,0,0,2,0,2,0,2,na,0,0
756,Greg Gibbs,0,125000,12,13,0,walked,2,2,2,0,0,2,0,2,0,2,na,0,0
757,Peter Diamond,0,64000,11,12,0,walked,2,2,2,0,0,2,0,2,0,2,na,0,0
758,Matthew Bumgardner,0,16000,9,10,0,walked,2,2,2,0,0,2,0,2,0,2,na,0,0
759,Suzy Law,0,125000,12,13,0,walked,2,2,2,0,0,2,0,2,0,2,na,0,0
760,Kim Fields,0,32000,11,12,32000,wrong,2,2,2,0,0,2,0,2,0,2,na,0,0
761,Danny Bonaduce,0,250000,13,14,0,walked,2,2,2,0,0,2,0,2,0,2,na,0,0
762,Marion Ross,0,1000,7,8,3000,wrong,2,2,2,0,0,2,0,2,0,2,na,0,0
763,Cindy Williams,0,125000,12,13,0,walked,2,2,2,0,0,2,0,2,0,2,na,0,0
764,Russ Williams,0,32000,0,0,0,na,2,2,2,0,0,2,0,2,0,2,na,0,0
765,Jeremey Edelman,0,1000,0,0,0,na,2,2,2,0,0,2,0,2,0,2,na,0,0
766,Dana Pratt,0,32000,0,0,0,na,2,2,2,0,0,2,0,2,0,2,na,0,0
767,Bill Brennan,0,1000,0,0,0,na,2,2,2,0,0,2,0,2,0,2,na,0,0
768,Roger Moyer,0,32000,0,0,0,na,2,2,2,0,0,2,0,2,0,2,na,0,0
769,Chris Netz,0,1000,0,0,0,na,2,2,2,0,0,2,0,2,0,2,na,0,0
770,Scott Camloh,0,125000,0,0,0,na,2,2,2,0,0,2,0,2,0,2,na,0,0
771,Renee Futrelle,0,8000,8,9,0,walked,2,2,2,0,0,2,0,2,0,2,na,0,0
772,Dan Orr,0,32000,11,12,32000,wrong,2,2,2,0,0,2,0,2,0,2,na,0,0
773,Terry Sheldon,0,1000,0,0,0,na,2,2,2,0,0,2,0,2,0,2,na,0,0
774,Kevin Baggett,0,125000,12,13,0,walked,2,2,2,0,0,2,0,2,0,2,na,0,0
775,Barbara Von Pagel,0,64000,11,12,0,walked,2,2,2,0,0,2,0,2,0,2,na,0,0
776,Paul Laundry,0,16000,9,10,0,walked,2,2,2,0,0,2,0,2,0,2,na,0,0
777,Steven Queen,0,1000,0,0,0,na,2,2,2,0,0,2,0,2,0,2,na,0,0
778,Maria Costanzo,0,64000,11,12,0,walked,2,2,2,0,0,2,0,2,0,2,na,0,0
779,Fred Coughlin,0,16000,9,10,0,walked,2,2,2,0,0,2,0,2,0,2,na,0,0
780,Sam Wolfe,0,125000,12,13,0,walked,2,2,2,0,0,2,0,2,0,2,na,0,0
781,Kenneth Allendoerfer,0,1000,9,10,15000,wrong,2,2,2,0,0,2,0,2,0,2,na,0,0
782,Jerry Crowley,0,32000,0,0,0,na,2,2,2,0,0,2,0,2,0,2,na,0,0
783,Peter Angeli,0,32000,0,0,0,na,2,2,2,0,0,2,0,2,0,2,na,0,0
784,David Ekey,0,1000,0,0,0,na,2,2,2,0,0,2,0,2,0,2,na,0,0
785,Maegen Worley,0,64000,11,12,0,walked,2,2,2,0,0,2,0,2,0,2,na,0,0
786,Mark Frankfother,0,64000,11,12,0,walked,2,2,2,0,0,2,0,2,0,2,na,0,0
787,Joe Erlanger,0,125000,12,13,0,walked,2,2,2,0,0,2,0,2,0,2,na,0,0
788,Tom Michael,0,64000,11,12,0,walked,2,2,2,0,0,2,0,2,0,2,na,0,0
789,Jane Charnin-Aker,0,250000,13,14,0,walked,2,2,2,0,0,2,0,2,0,2,na,0,0
790,Kathleen Ang-Lee,0,1000,0,0,0,na,2,2,2,0,0,2,0,2,0,2,na,0,0
791,Jessica Schreader,0,64000,11,12,0,walked,2,2,2,0,0,2,0,2,0,2,na,0,0
792,Michele Delpriore,0,1000,9,10,15000,wrong,2,2,2,0,0,2,0,2,0,2,na,0,0
793,Andrea Stout,0,64000,11,12,0,walked,2,2,2,0,0,2,0,2,0,2,na,0,0
794,Debbie Horn,0,1000,0,0,0,na,2,2,2,0,0,2,0,2,0,2,na,0,0
795,Vince Cannata,0,1000,0,0,0,na,2,2,2,0,0,2,0,2,0,2,na,0,0
796,LeRoy O'Neill,0,1000,0,0,0,na,2,2,2,0,0,2,0,2,0,2,na,0,0
797,Casey Mallough,0,64000,11,12,0,walked,2,2,2,0,0,2,0,2,0,2,na,0,0
798,Anthony Torres,0,64000,11,12,0,walked,2,2,2,0,0,2,0,2,0,2,na,0,0
799,Gary Nilsen,0,1000,0,0,0,na,2,2,2,0,0,2,0,2,0,2,na,0,0
800,Eugene Esch,0,1000,0,0,0,na,2,2,2,0,0,2,0,2,0,2,na,0,0
801,Frank Beck,0,16000,9,10,0,walked,2,2,2,0,0,2,0,2,0,2,na,0,0
802,Ray Prybylsky,0,1000,0,0,0,na,2,2,2,0,0,2,0,2,0,2,na,0,0
803,Ali Fahmy,0,125000,12,13,0,walked,2,2,2,0,0,2,0,2,0,2,na,0,0
804,Mark Srygley,0,1000,0,0,0,na,2,2,2,0,0,2,0,2,0,2,na,0,0
805,Stephen Bryan,0,125000,12,13,0,walked,2,2,2,0,0,2,0,2,0,2,na,0,0
806,Matthew Sherman,0,32000,0,0,0,na,2,2,2,0,0,2,0,2,0,2,na,0,0
807,Eric Fullgraf,0,32000,0,0,0,na,2,2,2,0,0,2,0,2,0,2,na,0,0
808,Shae Wilhite,0,64000,11,12,0,walked,2,2,2,0,0,2,0,2,0,2,na,0,0
809,Nancy Haines Iveland,0,16000,9,10,0,walked,2,2,2,0,0,2,0,2,0,2,na,0,0
810,Mark Byrd,0,32000,0,0,0,na,2,2,2,0,0,2,0,2,0,2,na,0,0
811,Larry Black,0,1000,0,0,0,na,2,2,2,0,0,2,0,2,0,2,na,0,0
812,Maureen Kennedy,0,32000,0,0,0,na,2,2,2,0,0,2,0,2,0,2,na,0,0
813,Rich Gomez,0,16000,9,10,0,walked,2,2,2,0,0,2,0,2,0,2,na,0,0
814,Amy Proctor Mantylia,0,64000,11,12,0,walked,2,2,2,0,0,2,0,2,0,2,na,0,0
815,Ayappa Biddanda,0,1000,0,0,0,na,2,2,2,0,0,2,0,2,0,2,na,0,0
816,Jim Cleaves,0,64000,11,12,0,walked,2,2,2,0,0,2,0,2,0,2,na,0,0
817,Tracie Nielson,0,1000,0,0,0,na,2,2,2,0,0,2,0,2,0,2,na,0,0
818,Kathleen Santo,0,8000,8,9,0,walked,2,2,2,0,0,2,0,2,0,2,na,0,0
819,Arthur Esposito,0,1000,0,0,0,na,2,2,2,0,0,2,0,2,0,2,na,0,0
820,Denise Scott,0,1000,0,0,0,na,2,2,2,0,0,2,0,2,0,2,na,0,0
821,Lance Baker,0,64000,11,12,0,walked,2,2,2,0,0,2,0,2,0,2,na,0,0
822,April Campbell,0,1000,0,0,0,na,2,2,2,0,0,2,0,2,0,2,na,0,0
823,Jennifer Stoner,0,125000,12,13,0,walked,2,2,2,0,0,2,0,2,0,2,na,0,0
824,Kyong Halvorson,0,32000,10,11,0,wrong,2,2,2,0,0,2,0,2,0,2,na,0,0
825,Ellen Cutler,0,64000,11,12,0,walked,2,2,2,0,0,2,0,2,0,2,na,0,0
826,Denise Fultz,0,32000,0,0,0,na,2,2,2,0,0,2,0,2,0,2,na,0,0
827,Chris Brazelton,0,1000,0,0,0,na,2,2,2,0,0,2,0,2,0,2,na,0,0
828,Chuck Guido,0,1000,0,0,0,na,2,2,2,0,0,2,0,2,0,2,na,0,0
829,Jac Burg,0,1000,0,0,0,na,2,2,2,0,0,2,0,2,0,2,na,0,0
830,Doug Kufahl,0,64000,11,12,0,walked,2,2,2,0,0,2,0,2,0,2,na,0,0
831,Jason Parker,0,125000,12,13,0,walked,2,2,2,0,0,2,0,2,0,2,na,0,0
832,Sandy Pessoney,0,32000,0,0,0,na,2,2,2,0,0,2,0,2,0,2,na,0,0
833,Steve Reid,0,64000,11,12,0,walked,2,2,2,0,0,2,0,2,0,2,na,0,0
834,Jim Abbott,0,1000,0,0,0,na,2,2,2,0,0,2,0,2,0,2,na,0,0
835,Vicki Shaw,0,1000,0,0,0,na,2,2,2,0,0,2,0,2,0,2,na,0,0
836,Scott Morgan,0,1000,0,0,0,na,2,2,2,0,0,2,0,2,0,2,na,0,0
837,Jolene Schow,0,1000,0,0,0,na,2,2,2,0,0,2,0,2,0,2,na,0,0
838,Amanda Rykogg,0,1000,0,0,0,na,2,2,2,0,0,2,0,2,0,2,na,0,0
839,Karen Spencer,0,32000,0,0,0,na,2,2,2,0,0,2,0,2,0,2,na,0,0
840,Jesse Popp,0,1000,0,0,0,na,2,2,2,0,0,2,0,2,0,2,na,0,0
841,Brian Lavin,0,1000,0,0,0,na,2,2,2,0,0,2,0,2,0,2,na,0,0
842,Casey McCarthy,0,32000,0,0,0,na,2,2,2,0,0,2,0,2,0,2,na,0,0
843,Chris Walton,0,32000,0,0,0,na,2,2,2,0,0,2,0,2,0,2,na,0,0
844,Trevor Pyle,0,64000,11,12,0,walked,2,2,2,0,0,2,0,2,0,2,na,0,0
845,Steve Smeehuyzen,0,1000,0,0,0,na,2,2,2,0,0,2,0,2,0,2,na,0,0
846,Tony BeTora,0,16000,9,10,0,walked,2,2,2,0,0,2,0,2,0,2,na,0,0
847,Debra Livinston,0,8000,8,9,0,walked,2,2,2,0,0,2,0,2,0,2,na,0,0
848,Pam Maine,0,32000,0,0,0,na,2,2,2,0,0,2,0,2,0,2,na,0,0
849,Jennifer Simms,0,16000,9,10,0,walked,2,2,2,0,0,2,0,2,0,2,na,0,0
850,Rebecca Wallihan,0,64000,11,12,0,walked,2,2,2,0,0,2,0,2,0,2,na,0,0
851,Will Chapman,0,32000,0,0,0,na,2,2,2,0,0,2,0,2,0,2,na,0,0
852,Jeff Bathurst,0,32000,0,0,0,na,2,2,2,0,0,2,0,2,0,2,na,0,0
853,Carmen Datillo,0,8000,8,9,0,walked,2,2,2,0,0,2,0,2,0,2,na,0,0
854,Ben Hayhurst,0,16000,9,10,0,walked,2,2,2,0,0,2,0,2,0,2,na,0,0
855,Adam Staple,0,8000,8,9,0,walked,2,2,2,0,0,2,0,2,0,2,na,0,0
856,Denver Deseranno,0,1000,0,0,0,na,2,2,2,0,0,2,0,2,0,2,na,0,0
857,Steve Solomon,0,1000,0,0,0,na,2,2,2,0,0,2,0,2,0,2,na,0,0
858,Pam Waltz,0,16000,9,10,0,walked,2,2,2,0,0,2,0,2,0,2,na,0,0
859,Kurt Sahr,0,32000,0,0,0,na,2,2,2,0,0,2,0,2,0,2,na,0,0
860,David Hamilton,0,32000,0,0,0,na,2,2,2,0,0,2,0,2,0,2,na,0,0
861,Eve Bjork,0,32000,0,0,0,na,2,2,2,0,0,2,0,2,0,2,na,0,0
862,Monica Lenhard,0,32000,12,13,93000,wrong,2,2,2,0,0,2,0,2,0,2,na,0,0
863,Sami Nasrawi,0,32000,0,0,0,na,2,2,2,0,0,2,0,2,0,2,na,0,0
864,Lee Russell,0,1000,0,0,0,na,2,2,2,0,0,2,0,2,0,2,na,0,0
865,Jason Packham,0,16000,9,10,0,walked,2,2,2,0,0,2,0,2,0,2,na,0,0
866,Susan Grant,0,1000,0,0,0,na,2,2,2,0,0,2,0,2,0,2,na,0,0
867,Tammy Smutny,0,64000,11,12,0,walked,2,2,2,0,0,2,0,2,0,2,na,0,0
868,Zalman Nakhimovsky,0,125000,12,13,0,walked,2,2,2,0,0,2,0,2,0,2,na,0,0
869,Randy Reetz,0,16000,9,10,0,walked,2,2,2,0,0,2,0,2,0,2,na,0,0
870,Jill Tomazin,0,1000,0,0,0,na,2,2,2,0,0,2,0,2,0,2,na,0,0
871,Sherry Hutchison,0,1000,0,0,0,na,2,2,2,0,0,2,0,2,0,2,na,0,0
872,Kirk Nelson,0,1000,0,0,0,na,2,2,2,0,0,2,0,2,0,2,na,0,0
873,Kathy Rasbeck,0,16000,9,10,0,walked,2,2,2,0,0,2,0,2,0,2,na,0,0
874,Terri Depatis,0,1000,0,0,0,na,2,2,2,0,0,2,0,2,0,2,na,0,0
875,Sharon Scheiblein,0,16000,9,10,0,walked,2,2,2,0,0,2,0,2,0,2,na,0,0
876,Christopher Young,0,64000,11,12,0,walked,2,2,2,0,0,2,0,2,0,2,na,0,0
877,Kelli Anderson,0,1000,0,0,0,na,2,2,2,0,0,2,0,2,0,2,na,0,0
878,Douglas Collum,0,64000,11,12,0,walked,2,2,2,0,0,2,0,2,0,2,na,0,0
879,Amy Harrelson,0,16000,9,10,0,walked,2,2,2,0,0,2,0,2,0,2,na,0,0
880,Matt Stevenson,0,1000,0,0,0,na,2,2,2,0,0,2,0,2,0,2,na,0,0
881,Sunny Chu,0,32000,0,0,0,na,2,2,2,0,0,2,0,2,0,2,na,0,0
882,Joelle Murchison,0,1000,0,0,0,na,2,2,2,0,0,2,0,2,0,2,na,0,0
883,Tyler Mathers,0,32000,0,0,0,na,2,2,2,0,0,2,0,2,0,2,na,0,0
884,Cori Gorbett,0,32000,0,0,0,na,2,2,2,0,0,2,0,2,0,2,na,0,0
885,Roger Friedman,0,125000,12,13,0,walked,2,2,2,0,0,2,0,2,0,2,na,0,0
886,Barry Lake,0,1000,9,10,15000,wrong,2,2,2,0,0,2,0,2,0,2,na,0,0
887,Kaite Cunningham,0,8000,8,9,0,walked,2,2,2,0,0,2,0,2,0,2,na,0,0
888,Phyllis Harris,0,64000,11,12,0,walked,2,2,2,0,0,2,0,2,0,2,na,0,0
889,Joe Sill,0,32000,0,0,0,na,2,2,2,0,0,2,0,2,0,2,na,0,0
890,Mickey Mariancher,0,1000,0,0,0,na,2,2,2,0,0,2,0,2,0,2,na,0,0
891,Veroica Webb,0,250000,13,14,0,walked,2,2,2,0,0,2,0,2,0,2,na,0,0
892,Molly Sims,0,125000,12,13,0,walked,2,2,2,0,0,2,0,2,0,2,na,0,0
893,Eva Herzigova,0,250000,13,14,0,walked,2,2,2,0,0,2,0,2,0,2,na,0,0
894,Kim Alexis,0,250000,13,14,0,walked,2,2,2,0,0,2,0,2,0,2,na,0,0
895,Frederique vander Wal,0,250000,13,14,0,walked,2,2,2,0,0,2,0,2,0,2,na,0,0
896,Jordy Wommack,0,1000,0,0,0,na,2,2,2,0,0,2,0,2,0,2,na,0,0
897,Erica Bell,0,32000,0,0,0,na,2,2,2,0,0,2,0,2,0,2,na,0,0
898,Kathleen Swanekamp,0,32000,0,0,0,na,2,2,2,0,0,2,0,2,0,2,na,0,0
899,Martina McBride,0,125000,12,13,0,walked,2,2,2,0,0,2,0,2,0,2,na,0,0
900,Mick Foley,0,125000,12,13,0,walked,2,2,2,0,0,2,0,2,0,2,na,0,0
901,Jill Maxwell,0,64000,11,12,0,walked,2,2,2,0,0,2,0,2,0,2,na,0,0
902,TJ Houck,0,32000,0,0,0,na,2,2,2,0,0,2,0,2,0,2,na,0,0
903,Jessica Dietz,0,32000,0,0,0,na,2,2,2,0,0,2,0,2,0,2,na,0,0
904,Elizabeth Butler,0,1000,0,0,0,na,2,2,2,0,0,2,0,2,0,2,na,0,0
905,Mary Alice Tyson,0,1000,0,0,0,na,2,2,2,0,0,2,0,2,0,2,na,0,0
906,Annamaria Zavala,0,125000,12,13,0,walked,2,2,2,0,0,2,0,2,0,2,na,0,0
907,Moira Casillas,0,64000,11,12,0,walked,2,2,2,0,0,2,0,2,0,2,na,0,0
908,David Murphy,0,125000,12,13,0,walked,2,2,2,0,0,2,0,2,0,2,na,0,0
909,Lynn Garcia,0,16000,9,10,0,walked,2,2,2,0,0,2,0,2,0,2,na,0,0
910,Marion Jones,0,32000,0,0,0,na,2,2,2,0,0,2,0,2,0,2,na,0,0
911,Dan Jansen,0,32000,0,0,0,na,2,2,2,0,0,2,0,2,0,2,na,0,0
912,Mia Hamm,0,32000,0,0,0,na,2,2,2,0,0,2,0,2,0,2,na,0,0
913,Mary Lou Retton,0,32000,0,0,0,na,2,2,2,0,0,2,0,2,0,2,na,0,0
914,Tai Babilonia,0,32000,0,0,0,na,2,2,2,0,0,2,0,2,0,2,na,0,0
915,Mike Eruzione,0,64000,11,12,0,walked,2,2,2,0,0,2,0,2,0,2,na,0,0
916,Oscar de la Hoya,0,125000,12,13,0,walked,2,2,2,0,0,2,0,2,0,2,na,0,0
917,Bruce Jenner,0,64000,11,12,0,walked,2,2,2,0,0,2,0,2,0,2,na,0,0
918,Cliff Kowalczky,0,32000,11,12,32000,wrong,2,2,2,0,0,2,0,2,0,2,na,0,0
919,Lisa Bialac-Jehle,0,1000,0,0,0,na,2,2,2,0,0,2,0,2,0,2,na,0,0
920,Lucy Wang,0,1000,0,0,0,na,2,2,2,0,0,2,0,2,0,2,na,0,0
921,Bill Schneir,0,32000,0,0,0,na,2,2,2,0,0,2,0,2,0,2,na,0,0
922,Blake Boulerice,0,8000,8,9,0,walked,2,2,2,0,0,2,0,2,0,2,na,0,0
923,Jennifer Leskawa,0,32000,0,0,0,na,2,2,2,0,0,2,0,2,0,2,na,0,0
924,Adam Steiner,0,32000,10,11,0,wrong,2,2,2,0,0,2,0,2,0,2,na,0,0
925,Angela Hoagland,0,32000,11,12,32000,wrong,2,2,2,0,0,2,0,2,0,2,na,0,0
926,Ilona Goddard,0,32000,0,0,0,na,2,2,2,0,0,2,0,2,0,2,na,0,0
927,Justin Bowers,0,125000,12,13,0,walked,2,2,2,0,0,2,0,2,0,2,na,0,0
928,Eric Larkin,0,1000,0,0,0,na,2,2,2,0,0,2,0,2,0,2,na,0,0
929,Katherine Hinkle,0,64000,11,12,0,walked,2,2,2,0,0,2,0,2,0,2,na,0,0
930,Jung Mi Lee,0,64000,11,12,0,walked,2,2,2,0,0,2,0,2,0,2,na,0,0
931,Shari Belafonte,0,125000,12,13,0,walked,2,2,2,0,0,2,0,2,0,2,na,0,0
932,Thomas Calabro,0,32000,12,13,93000,wrong,2,2,2,0,0,2,0,2,0,2,na,0,0
933,Gabrielle Carteris,0,125000,12,13,0,walked,2,2,2,0,0,2,0,2,0,2,na,0,0
934,Cheryl Ladd,0,64000,11,12,0,walked,2,2,2,0,0,2,0,2,0,2,na,0,0
935,Bernie Kopell,0,64000,11,12,0,walked,2,2,2,0,0,2,0,2,0,2,na,0,0
936,Matthew Dooher,0,125000,12,13,0,walked,2,2,2,0,0,2,0,2,0,2,na,0,0
937,Randy Knopf,0,16000,9,10,0,walked,2,2,2,0,0,2,0,2,0,2,na,0,0
938,Dane Vaught,0,64000,11,12,0,walked,2,2,2,0,0,2,0,2,0,2,na,0,0
939,Mark Hard,0,16000,9,10,0,walked,2,2,2,0,0,2,0,2,0,2,na,0,0
940,Mandy Dramstad,0,32000,0,0,0,na,2,2,2,0,0,2,0,2,0,2,na,0,0
941,Warunchai Vathanasin,0,125000,12,13,0,walked,2,2,2,0,0,2,0,2,0,2,na,0,0
942,Andrew Jankowski,0,64000,11,12,0,walked,2,2,2,0,0,2,0,2,0,2,na,0,0
943,Anthony Zumpano,0,32000,0,0,0,na,2,2,2,0,0,2,0,2,0,2,na,0,0
944,Richard Peperone,0,1000,0,0,0,na,2,2,2,0,0,2,0,2,0,2,na,0,0
945,Linda Sivieri,0,16000,9,10,0,walked,2,2,2,0,0,2,0,2,0,2,na,0,0
946,Steve Altes,0,32000,0,0,0,na,2,2,2,0,0,2,0,2,0,2,na,0,0
947,Heather Barbour,0,16000,9,10,0,walked,2,2,2,0,0,2,0,2,0,2,na,0,0
948,Alexis Rodriguez,0,125000,12,13,0,walked,2,2,2,0,0,2,0,2,0,2,na,0,0
949,Matt Lester,0,64000,11,12,0,walked,2,2,2,0,0,2,0,2,0,2,na,0,0
950,Wiley Henry,0,1000,0,0,0,na,2,2,2,0,0,2,0,2,0,2,na,0,0
951,Paula Kahlenbery,0,32000,10,11,0,wrong,2,2,2,0,0,2,0,2,0,2,na,0,0
952,Aurko Dutta,0,250000,13,14,0,walked,2,2,2,0,0,2,0,2,0,2,na,0,0
953,Leo Luberecki,0,250000,13,14,0,walked,2,2,2,0,0,2,0,2,0,2,na,0,0
954,Jim Williams,0,32000,12,13,93000,wrong,2,2,2,0,0,2,0,2,0,2,na,0,0
955,Kathyrn Yahr,0,32000,10,11,0,wrong,2,2,2,0,0,2,0,2,0,2,na,0,0
